txn_count_5min,avg_amount_5min,high_risk_flag
5,166.41842301065498,0
4,145.85514115629482,0
4,215.94177701987567,0
5,204.4631702893243,0
5,285.1164676036678,0
3,166.80352966937497,0
5,41.53169220037543,0
4,170.89033612293497,0
6,69.88553928667383,0
7,233.2537579277261,0
2,66.088165732097,0
5,120.93031500687188,0
5,171.01324333801097,0
6,323.51604838089156,0
4,114.16879074280659,0
6,200.9923986517269,0
6,246.39812615658073,0
1,318.7248442576558,0
7,262.22358013771276,0
2,287.5125561305972,0
11,269.1445647081233,0
4,103.27016228830887,0
3,228.77536834536374,0
8,267.89287617377784,0
3,123.47997682607841,0
3,153.6192098620782,0
5,135.7446163898355,0
8,261.80983887744264,0
3,194.45751037366944,0
2,174.33232845319225,0
5,97.46640666776099,0
3,194.6084597444966,0
8,154.59293160122007,0
10,219.46716522113297,0
3,108.56262410836393,0
2,214.23250076049604,0
5,164.88393836009436,0
7,100.05624594118828,0
6,93.81727696974826,0
6,105.83836895818447,0
2,183.48807540475661,0
4,209.67963474908004,0
9,221.5858905901745,0
7,224.6042334182758,0
11,139.318139121664,0
8,284.672232647614,0
3,164.62195791934775,0
2,236.01198080477857,0
3,186.86756532049466,0
4,230.0496985362433,0
5,182.8537547084069,0
5,231.4907901259653,0
4,199.4088904095741,0
3,265.1072456520551,0
8,134.50519654310415,0
2,58.408693128753725,0
1,122.13140644527226,0
4,285.5134732190427,0
5,187.63529440898083,0
4,207.364983643725,0
3,115.70907087628903,0
4,205.24429801202228,0
8,118.17498847418429,0
2,129.9374979957796,0
2,167.80130537408957,0
2,235.60778062737165,0
7,244.1478064514008,0
6,246.32359183502695,0
7,72.95327079645007,0
6,199.46683996877908,0
7,184.25745332938112,0
6,77.42540671348357,0
4,201.27870133777589,0
2,179.9658226050591,0
3,240.922053769431,0
4,206.4997660991842,0
7,156.05435757733974,0
4,274.0609960365582,0
3,22.30131993799006,0
2,194.8587897256312,0
6,58.93992544064514,0
3,127.02453830351041,0
5,241.98509624074796,0
9,98.06420156473577,0
6,86.10257450368522,0
6,390.55559867324996,0
9,91.25687588638684,0
4,332.04167224703787,0
9,186.22382683365916,0
2,158.01367028488198,0
10,245.34291124705638,0
6,306.92752604355996,0
9,108.31456463133372,0
4,159.18001682171757,0
1,267.7495787747402,0
6,223.03954499416,0
8,288.1534264513106,0
6,241.20895635454235,0
2,344.6579207319319,0
3,214.28708790669202,0
5,217.74489186647696,0
3,225.7377097612639,0
3,188.60089186187537,0
5,267.84697270407395,0
6,218.96329790904207,0
5,263.0544007316115,0
3,275.5599882899328,0
5,234.2763745248262,0
3,240.13730593873575,0
3,119.17361699227729,0
6,155.9717129744143,0
5,267.4706762392585,0
6,313.8904945454811,0
2,44.76558195933117,0
4,154.57094821988682,0
7,201.889648193172,0
6,129.65804303354577,0
5,134.19842846546538,0
4,237.9935899035044,0
3,326.5100775337147,0
3,37.454115494228716,0
7,186.3619080814643,0
7,237.06242734323104,0
6,262.4171177760193,0
6,225.53018744552307,0
7,340.9122039948892,0
8,202.31252746606353,0
6,304.9594232313678,0
3,148.29058637232248,0
7,204.63863572710798,0
5,102.98279393609194,0
5,272.06915524391957,0
7,190.36457098870588,0
4,228.62568500159185,0
9,174.9305094971941,0
4,246.91428013272127,0
5,231.79471790846017,0
2,120.42788560230349,0
6,125.05860539335916,0
3,197.77850157269185,0
6,252.7659165925326,0
2,349.0316442491078,0
3,224.23926853325833,0
5,280.6025121990832,0
3,70.97192521886652,0
4,361.0364679547186,0
5,248.45489689033542,0
6,196.03163910729762,0
3,186.82431620336598,0
3,111.42401617128014,0
4,134.29705634238633,0
5,352.8348505706731,0
4,120.879644937119,0
2,119.3385793706924,0
6,143.82236111395366,0
6,104.14553976309818,0
8,201.22452598764082,0
1,287.1128410132191,0
6,151.16061389823733,0
2,90.1340576191343,0
5,223.34890504117232,0
2,195.53805298561497,0
6,280.21796400653,0
4,163.63933605581838,0
3,179.187457629866,0
5,188.0375708365385,0
6,207.12032884427856,0
3,168.59506581139283,0
4,155.6284713563193,0
8,51.96978520945268,0
4,154.76902327039062,0
10,257.21786144654016,0
4,268.0196415495109,0
5,162.31095811269597,0
10,303.95887985454095,0
3,197.7036742639716,0
4,92.97229025472417,0
7,67.80927548365955,0
5,297.4606338095781,0
10,170.1597019791141,0
4,102.87483815419367,0
2,19.25790628515722,0
3,168.34271112998857,0
5,232.3800687197089,0
8,144.18470847630363,0
4,115.74038718929029,0
3,156.0499385114618,0
8,299.45536153158844,0
6,88.56147058598475,0
8,148.66391756619862,0
3,296.86061916940724,0
3,239.53410315390028,0
5,214.3302251023165,0
11,148.1243091667001,0
7,202.44038516003423,0
4,156.97367452373595,0
3,131.24910951433992,0
8,113.59540197586078,0
8,262.7276477097999,0
3,195.16750942270914,0
3,225.16109950421568,0
6,212.1338548641123,0
2,235.27350622466875,0
7,179.62249680112865,0
5,161.46740391563407,0
5,134.77757364871022,0
6,86.88246932743091,0
1,110.23734635016667,0
10,170.76658231198226,0
2,71.75684124516175,0
5,89.41712766911758,0
4,283.37119141081416,0
5,217.9343587883034,0
4,163.85306174371834,0
5,381.7259567123648,0
6,68.14002250295769,0
1,278.0489021169458,0
3,191.0827133776467,0
2,262.80376183302496,0
5,208.71629738166456,0
4,50.220395020379385,0
7,207.63683740470628,0
7,226.84446837116784,0
2,24.64117611804687,0
6,355.5238635041519,0
7,224.89660753382176,0
2,253.75901921091963,0
7,106.75764883389506,0
5,255.24940177164945,0
7,287.16035676504447,0
6,220.28545825102768,0
5,199.25027531833885,0
6,128.51295000812667,0
5,182.70344657733392,0
4,159.03763885925758,0
7,245.75965099141473,0
1,132.0099259906078,0
8,245.17205772028458,0
4,132.88115498162747,0
5,179.01179566719853,0
3,249.28355176102534,0
7,143.69626240111648,0
2,252.04291911820815,0
5,244.23953261370946,0
10,178.3239461298445,0
7,292.94265610846315,0
7,206.22274735816916,0
10,288.182122126828,0
1,343.47719399017427,0
5,180.6959182638951,0
3,251.59639872219174,0
8,148.99456597416997,0
7,117.37484723934415,0
3,184.36322740908574,0
1,90.99197762004296,0
5,124.9913776282152,0
3,247.31460794568542,0
6,158.90807876409292,0
3,256.8411269697489,0
4,223.95295504139898,0
5,348.09232496152924,0
8,241.94698284608367,0
7,289.1374456223451,0
5,232.15077305020372,0
4,224.9114800862458,0
6,293.1786433690652,0
8,253.50379726922117,0
4,216.80508903659424,0
3,216.4523732743774,0
2,243.0583449464333,0
3,146.2901184432092,0
9,142.89604270890413,0
5,314.0324745898346,0
4,349.1530931087998,0
7,125.68940332718674,0
8,146.48044540482366,0
4,291.4018255603316,0
4,242.68159945139172,0
8,254.11424842567376,0
5,271.72810358824455,0
5,180.74142706047394,0
6,226.3975939992149,0
7,220.17537205584736,0
2,131.32067198036316,0
1,225.20727545725632,0
7,299.01685569197343,0
5,173.2693408925311,0
4,212.20553989927473,0
4,216.53671328086847,0
3,177.22683596517834,0
8,254.15209901554863,0
7,145.594749499601,0
1,306.6116414956747,0
2,250.09644493057962,0
4,125.05851194616844,0
6,335.84077479090024,0
4,213.44811690092763,0
6,142.16419862119585,0
8,288.3643619992953,0
7,239.573721555842,0
5,58.24322366127694,0
2,157.9471746204917,0
1,222.3277869777235,0
7,27.234665788587307,0
4,206.8056068309915,0
1,212.6383498164208,0
6,105.3206494099342,0
5,221.6515909007971,0
8,200.59710713000268,0
5,104.69647152919883,0
4,273.564843749026,0
10,267.0283035814244,0
7,176.8210330518111,0
4,184.1134941286541,0
8,258.10111500762764,0
5,183.94694855105547,0
5,45.52734395838763,0
5,238.9549245919942,0
2,134.93925434091932,0
3,168.8125556465925,0
4,316.62964543611804,0
9,189.28172207929615,0
0,200.13879486990984,0
5,240.7733820370878,0
5,240.4267155099226,0
5,126.46417860977733,0
5,195.17611875725004,0
4,202.89220223406616,0
9,221.76215173030616,0
6,223.13775527332956,0
2,406.9952983021966,0
6,105.93121835302043,0
6,278.4073296158365,0
6,294.6700644666447,0
5,239.42271791388217,0
2,147.974768410154,0
5,333.17344242141013,0
3,24.641370820784175,0
3,145.3386642225739,0
3,293.7345757778249,0
6,170.39107172619856,0
6,327.71716198401487,0
4,79.05562042572797,0
5,111.03184848415935,0
5,157.46894638984202,0
7,233.3919422029223,0
5,182.23838796959816,0
3,160.7680597950063,0
4,313.63171448788194,0
7,321.0755980311321,0
5,166.84961874339555,0
7,63.21857541362701,0
8,27.401293665009632,0
7,219.1432091824285,0
5,252.4764497775038,0
8,205.03982284628367,0
4,194.32735143353932,0
6,135.6365908244734,0
8,252.39838351310706,0
6,334.25483031191277,0
3,22.649785813155518,0
8,193.79990489698278,0
4,122.37213204691197,0
7,80.76272047569188,0
2,109.60193033724671,0
10,230.37382845475236,0
6,232.39697580729327,0
4,316.823020893984,0
5,200.7025237716369,0
6,59.34226961043373,0
4,180.94643660992227,0
5,89.0896742227373,0
6,103.4563290862396,0
3,246.4447246725196,0
7,215.5344724475536,0
7,247.00524763482645,0
8,171.40057221826177,0
4,263.2423650740285,0
7,166.9277681367911,0
3,289.3346266193798,0
4,227.5711151577234,0
4,183.4402503612306,0
0,216.96744353408775,0
1,198.57114392200657,0
1,327.6885212250338,0
7,219.63500980630312,0
5,199.87098620843932,0
5,180.92073143593606,0
8,267.45473753960084,0
3,256.6330671242804,0
5,178.09266957498974,0
3,107.5486788301753,0
5,127.8425489297317,0
1,185.26699683662432,0
7,307.91420048952665,0
2,179.9858696602469,0
4,152.47011120275485,0
6,59.14245494010831,0
7,321.0833148481837,0
9,245.5222516785168,0
4,263.6807976004686,0
1,276.93504415435,0
4,186.82158169928294,0
6,206.76725069980282,0
3,319.0881553561595,0
4,214.36647114553097,0
2,247.00202320511954,0
6,269.6440573760409,0
8,251.43450659381148,0
7,189.7464663786805,0
2,197.28929257488645,0
6,262.21123503807536,0
9,262.0802287947781,0
3,293.4586079215569,0
8,244.0877586647871,0
7,247.72844908736437,0
6,164.30133065724425,0
10,153.50803911424788,0
5,262.45045394811956,0
5,154.06519455869,0
5,198.34391975065105,0
5,310.32185927770325,0
4,297.6456233876071,0
10,224.1431064637747,0
3,176.3088336133032,0
2,190.12968717251962,0
6,269.41281128444916,0
4,197.08005780430676,0
4,155.33740855917887,0
8,297.26198051263793,0
5,214.5280111303425,0
4,153.8195343206603,0
7,238.31521511461048,0
4,277.6974730554007,0
2,119.38615481697916,0
2,183.96368693176524,0
3,180.26533059292703,0
3,236.1829732626781,0
8,250.56066582878867,0
6,155.88208709764115,0
0,80.579905927518,0
8,282.54390036795206,0
5,110.40437835382298,0
4,221.69473640351018,0
5,189.44152810154543,0
7,212.99551241632602,0
6,332.0987177365487,0
3,443.06252908974625,0
4,69.3250070881113,0
2,278.7124924266339,0
4,187.50017818578831,0
1,283.8283610970042,0
9,276.5810460943331,0
3,312.77958457585305,0
1,222.79719321301576,0
5,128.83388120359808,0
4,274.21195909676965,0
6,209.43980609152516,0
5,181.2925427892694,0
8,161.90208954360304,0
5,280.50684552841034,0
7,328.26955936059016,0
4,104.37179530402926,0
1,249.75617939831443,0
5,170.20902516618838,0
4,82.61820814463091,0
3,211.81646566104067,0
2,133.34897758483515,0
12,73.77974177598419,0
5,137.46076222203726,0
10,117.77808656689172,0
6,148.2650517549287,0
1,93.92927384370488,0
6,168.3887913099029,0
2,142.9400697532822,0
4,230.0491101716526,0
5,247.48311891186523,0
8,220.81188614227534,0
4,181.16444337011927,0
2,179.00579234461483,0
1,133.03400100709075,0
8,134.96042724720505,0
8,256.2883094462989,0
4,59.22379210796288,0
1,193.5420049349646,0
9,174.1176750751039,0
4,247.93056810999138,0
2,85.99904132621194,0
4,200.99845643887517,0
3,227.43874730872855,0
8,47.621502510080404,0
9,114.05376217106102,0
4,192.6568122549767,0
4,241.13175261074434,0
5,214.599944889016,0
11,244.83634023598458,0
8,113.65019898874763,0
6,72.89997202175786,0
2,206.76046446054315,0
8,101.65174094287082,0
7,130.77421391617577,0
6,274.5822683861099,0
5,215.1279645413481,0
3,154.54840757956686,0
5,144.1574796287229,0
3,249.6737245511332,0
3,216.95767485199866,0
7,102.83546861418472,0
4,44.17410135192421,0
4,350.544146611212,0
6,102.20166197459537,0
6,242.21572026400983,0
3,320.85543458705394,0
4,211.80780550665244,0
6,151.96506588262363,0
6,85.91607666434302,0
6,84.79915709439757,0
6,230.13558789411087,0
3,316.07810583599877,0
5,168.36327226363767,0
2,155.5423630280509,0
5,255.79848726489493,0
3,145.12421968762027,0
3,221.9586326102737,0
5,203.344116006841,0
11,167.24255531375556,0
7,198.75694730107836,0
7,341.05216917199834,0
4,248.3626355280765,0
1,287.40006434047825,0
4,126.50445112639513,0
5,287.67489180860593,0
4,251.1216380375188,0
4,80.03231227525058,0
7,243.18325866968797,0
6,158.93806905642583,0
8,76.3357058939507,0
4,210.38205858620955,0
3,243.1234072850088,0
0,212.12864549156504,0
4,191.26891321233958,0
1,173.55317292333345,0
4,397.32704074732453,0
3,105.39444891770833,0
5,269.8337585885763,0
6,201.2338376711187,0
6,131.64267949863745,0
4,196.1280759497137,0
4,88.5653889929106,0
5,152.3607674554517,0
1,196.24525393315153,0
9,75.91063531206962,0
7,240.51060307904464,0
5,122.89911672707743,0
4,83.8623233589158,0
5,113.56658113373037,0
4,374.07633294683893,0
1,41.754868650492824,0
3,234.88984710158323,0
7,139.86909831845708,0
6,171.98974627859508,0
10,248.31447429442662,0
4,244.38549718711363,0
5,145.54428646705674,0
6,91.37407946933648,0
6,249.77127789605115,0
8,244.19017544074754,0
4,177.20243929694493,0
3,235.35555070467026,0
3,164.33364152195716,0
9,133.83699479721696,0
7,200.316974489686,0
2,241.5226192873214,0
2,224.7400215641947,0
4,240.7330144061338,0
6,139.15369013686993,0
9,326.55048998066025,0
11,172.60953157291004,0
4,190.48674788187267,0
7,94.50752726257058,0
7,184.49158749621728,0
3,242.57901894812136,0
7,261.00084901541317,0
5,324.9552589749426,0
2,241.61879166603688,0
9,222.15305566397626,0
6,164.29639107885447,0
3,147.06076734135945,0
6,277.6198811734524,0
3,276.0856281391127,0
2,113.83898393209819,0
8,257.8476709722785,0
4,252.0306953116674,0
5,110.89528919886446,0
4,243.23654438313415,0
3,116.03628324145541,0
4,5.656562586120913,0
3,187.19180690463602,0
11,220.6251764203991,0
6,190.79433560935095,0
5,429.3685453750379,0
5,230.30809833879795,0
5,211.77134554389602,0
3,234.36730426512727,0
6,164.69447964799218,0
4,274.3583249674831,0
5,228.88015569416814,0
3,225.21373631139926,0
7,150.07038217064488,0
3,74.85357388407253,0
6,159.88911287381674,0
7,222.6107085007914,0
1,164.4240416204043,0
6,223.33817336538968,0
4,181.41104985149562,0
2,234.4463587701219,0
2,121.85406992997487,0
5,215.4312009508065,0
5,148.72366829188823,0
3,76.93736462954911,0
5,186.78767015773,0
11,322.90540590544373,0
2,83.3138873723214,0
6,209.55138003153596,0
5,263.80616506113796,0
3,384.0024548115561,0
4,160.565361404265,0
10,149.43995163165496,0
1,106.66462432485869,0
8,291.24130678769757,0
3,130.60685366087398,0
5,170.352285457972,0
4,52.08496981029958,0
11,270.7177474142821,0
3,292.6606624622421,0
4,267.6620050867492,0
3,71.57397749170255,0
3,248.5720832623445,0
8,66.18636922207992,0
1,204.64322416513923,0
5,216.40620639870377,0
7,224.8146574486612,0
3,242.77092261099747,0
7,199.35731171525822,0
5,43.005638981715805,0
7,242.80968070396256,0
5,207.80865129021984,0
7,127.79041669030134,0
5,74.4482063090713,0
4,323.2017748739487,0
5,298.5040430632546,0
11,256.47659258459635,0
7,145.89600710122374,0
6,-1.3596441769213925,0
3,261.1743340348188,0
0,229.334941908406,0
10,170.02701527422587,0
5,289.98450453583007,0
5,267.83980271702796,0
3,214.08763905846794,0
4,202.8046734296891,0
2,204.0774174079745,0
2,254.39518982677967,0
7,131.40189227656094,0
3,234.07864974280292,0
1,126.35272444243274,0
3,306.92441374017875,0
7,242.57028572601877,0
5,144.94173906888562,0
5,206.44766592238,0
4,131.69708959775676,0
5,320.32902701606366,0
5,329.83007875769675,0
3,255.69789460502784,0
3,324.5325254123662,0
6,212.14367590980004,0
6,261.08100537398377,0
4,297.97796175278046,0
9,199.54051235872663,0
6,205.6883085853876,0
5,274.6925281143118,0
5,251.71983724767944,0
4,139.56314238391576,0
10,25.05365029828249,0
6,185.95775499223615,0
2,32.24686566198568,0
4,120.71861311155614,0
3,130.05704342396928,0
2,154.50861512478988,0
5,265.6350515330833,0
6,283.0143632584208,0
5,240.69925758457657,0
10,250.60055808494442,0
5,252.48963650949167,0
5,0.25360070232608223,0
4,200.81581456056932,0
4,56.28330230639958,0
3,240.73115805372325,0
6,32.55134821442425,0
4,185.56491717194405,0
2,243.82158208156693,0
9,110.57936413469504,0
5,276.9372768410576,0
9,240.52977359613976,0
5,230.46597566703278,0
5,255.84012700084256,0
1,171.26399297866755,0
5,212.1535091005447,0
8,200.80412577873594,0
6,198.9960844307084,0
2,146.23751386823383,0
5,100.59743082218354,0
5,173.051332056842,0
4,168.64416742445863,0
6,141.0615209986488,0
5,268.16430254480196,0
6,106.22347057155096,0
5,186.27926728870068,0
4,293.3071769249002,0
7,272.7303482079642,0
5,297.30351080778263,0
7,152.73755381006183,0
6,262.74305005821657,0
4,114.96236824174946,0
8,177.93008353467678,0
4,185.45953513758457,0
3,153.93278302415916,0
5,171.05488095323798,0
10,160.5299258002118,0
6,121.40849511186437,0
4,268.5130804804633,0
3,185.40399977005845,0
3,216.11492351338288,0
5,213.10214969542838,0
2,204.3781140088017,0
6,207.42436368451428,0
2,175.5666223975183,0
5,313.471749481189,0
2,260.8595809308287,0
6,201.47056262168158,0
3,164.23564512271494,0
5,190.49433258167358,0
2,233.40972130973967,0
6,319.99520740290495,0
6,90.15619642679644,0
7,252.7819806913422,0
6,290.13789094229077,0
6,81.06252240758145,0
4,185.507929861498,0
4,114.83856215335689,0
7,234.44236893416274,0
5,171.33192541155583,0
5,189.58887464958997,0
8,167.11553541772207,0
4,257.61307462146146,0
2,218.32263684785107,0
3,218.47414112317244,0
4,212.84974600651628,0
6,245.79927043617096,0
9,179.04225161149412,0
3,336.0619830032741,0
5,101.21641990251844,0
3,61.92652414642811,0
2,55.30555451131414,0
4,33.63295045660516,0
9,253.85358518562015,0
4,244.10941594261126,0
5,296.6221193420476,0
8,115.46894282355824,0
8,259.63691637964007,0
5,204.5459249719445,0
3,213.32691993246874,0
9,250.04983162796862,0
2,139.4974599150045,0
8,406.979930832359,0
7,306.5504243420283,0
6,157.46352368037117,0
9,112.74095538213217,0
3,192.96766705562467,0
6,214.5806754865634,0
7,285.24922077666486,0
7,106.50232707453392,0
5,222.8389554559333,0
5,77.67879804681687,0
1,234.9086074728895,0
7,191.39966236335596,0
4,354.93438098286106,0
7,76.31979646242584,0
5,309.6486705192084,0
5,63.69349318670254,0
3,93.82317804747967,0
5,65.83243532222679,0
5,220.02820867608432,0
4,106.10409513970131,0
3,92.13347957755695,0
3,216.22140812987044,0
5,236.14203086997526,0
10,203.18794433202606,0
2,187.02246807827578,0
5,346.31277059497427,0
3,211.66690129935762,0
4,264.45531791377994,0
6,211.4337700551967,0
3,112.16989693962526,0
4,243.99101455216135,0
4,147.53621508241662,0
5,192.7211089568611,0
8,224.4322145514741,0
5,44.68655464906857,0
6,71.23983008866168,0
3,272.75673379980503,0
4,146.9002842720845,0
5,150.69424087129113,0
6,213.3150717896656,0
7,169.14619223025045,0
5,233.40707053142316,0
2,195.91025690135646,0
6,215.88823601443588,0
4,143.85132878061978,0
2,215.48758586247422,0
4,288.40712694683555,0
2,154.58014271086412,0
3,273.2254640217721,0
4,195.87517453418806,0
7,258.758532478235,0
5,210.30170546824888,0
5,197.3271263921659,0
7,227.9783745661093,0
9,297.0878049841799,0
7,218.88778353720605,0
6,238.28246647267179,0
6,170.5212069138639,0
9,325.67091791960206,0
2,251.2269688743737,0
3,206.21667680200048,0
9,190.18770621962605,0
3,278.23266154184887,0
8,151.50367383637925,0
5,57.36999869829336,0
4,205.79196795395643,0
9,295.2003658491475,0
2,327.3047048947739,0
5,191.4164845252896,0
10,203.48701311534268,0
5,241.5624346012764,0
4,178.8520464908988,0
7,241.3124758712919,0
3,193.16785991453858,0
6,280.9094605752144,0
3,257.8384410478259,0
3,264.81822658419463,0
4,183.57458841583295,0
1,354.0741856401809,0
2,238.71295539035776,0
4,219.78352427894652,0
5,139.12456155464227,0
8,192.2342543881157,0
7,209.1503808562109,0
7,136.98581628605598,0
2,176.61462833847298,0
6,186.73599855175922,0
8,204.47365287385745,0
6,58.98344079667166,0
4,189.17835674365884,0
4,169.81230535360547,0
4,198.32926803000802,0
1,282.8221252944205,0
6,364.1916393696965,0
8,254.27017597157015,0
7,101.2462262346931,0
7,172.36744385339725,0
6,247.6770647064873,0
6,238.66323971432183,0
4,278.98605883624595,0
3,192.21192045675232,0
6,170.91998045075954,0
3,340.1939203132831,0
10,204.693648269571,0
5,118.66604991831082,0
6,318.01069256263366,0
6,80.31236068844441,0
4,-79.60361779908845,0
6,261.5509406430059,0
5,272.85607768197053,0
3,233.12103535557526,0
2,95.80351328063601,0
3,195.29041158061435,0
2,177.7465141156903,0
8,157.01687912860885,0
7,312.96555446474235,0
4,116.26671530946489,0
3,225.28835624851197,0
3,295.523758693006,0
6,230.51532202552303,0
5,299.2894697996299,0
1,245.09717779431435,0
8,234.3479736393623,0
9,229.34678950657175,0
4,249.07546133201203,0
7,169.15687220701915,0
3,95.85009185017708,0
7,276.32347291706475,0
5,292.9393840404613,0
6,220.15830487248348,0
8,156.12995042925039,0
2,75.38263067762897,0
4,206.86456799387105,0
9,92.08397242256228,0
4,80.88099978896595,0
4,198.3414777587446,0
3,138.89843990495885,0
4,227.62476449318163,0
4,187.25635179505005,0
6,151.46923470219122,0
7,63.60679354168275,0
3,131.76894993357138,0
6,134.70908079591277,0
8,101.97538611880304,0
7,173.6764563806092,0
3,108.21984070602787,0
4,186.9005802167028,0
6,219.23289709349248,0
8,133.90640364886576,0
3,234.03269035348677,0
4,91.09137030018371,0
3,111.02580812829675,0
8,190.94261619001847,0
1,254.96328735109108,0
3,269.3919633191413,0
7,328.99124977260476,0
5,169.8728900145992,0
9,189.79989450573564,0
5,117.38595767856104,0
4,99.69869344071816,0
5,218.28576690620199,0
7,137.93028004430056,0
3,298.5903360013832,0
6,83.00914145060874,0
7,238.9082564659757,0
4,119.54086089463766,0
4,134.36412265823333,0
4,243.12896522016246,0
3,145.92956511136734,0
4,158.737274598408,0
2,135.0273309158745,0
7,342.8023833290753,0
6,150.60109511359923,0
7,204.12417739462106,0
5,183.84691197751405,0
4,217.7133649379409,0
5,150.82104424272518,0
4,183.934621236668,0
7,231.51616071951483,0
5,130.95942895976066,0
6,287.14570853025236,0
5,294.83844152333063,0
2,248.51941009269916,0
4,205.59011068771866,0
4,-39.24811585636289,0
6,233.94329061235703,0
11,168.69356758169084,0
6,180.29804708659682,0
8,48.20981355817469,0
5,239.4870788699354,0
3,84.11351625384364,0
5,209.47396367931154,0
1,272.3725985527873,0
8,162.45374549459584,0
6,297.28413801827526,0
4,140.24076974342557,0
7,248.03464613848013,0
1,95.6171398833178,0
7,282.4904347744419,0
3,270.0792306063432,0
9,237.46863383709837,0
4,168.5372690708951,0
2,87.83995012575105,0
4,168.7487747824434,0
6,288.8245740598498,0
2,210.39694972552923,0
1,75.75704563900402,0
7,110.0217888464047,0
7,300.2521120681824,0
6,239.03302017023086,0
8,101.27999034080577,0
7,58.733480306032504,0
5,149.9966292319947,0
6,51.89130336080643,0
6,187.53324079943997,0
7,396.1300297469043,0
6,72.24351394406625,0
3,185.1179469435028,0
3,304.9541260265001,0
1,259.9270286640076,0
5,188.10074281606893,0
3,188.29210638654422,0
9,107.52721740603366,0
8,178.5875383995557,0
4,219.47525713921038,0
2,288.4090834619272,0
3,150.38595011881952,0
2,184.813189754923,0
4,124.0629215394654,0
4,218.02601436324042,0
5,262.70235602471706,0
8,250.3718410743916,0
6,106.38503396461158,0
3,211.7490567565132,0
5,145.81499773998493,0
6,280.88400125222665,0
3,187.09498217811696,0
8,78.43893294071324,0
8,182.41578355138134,0
5,236.6778055359105,0
4,219.52048505142398,0
2,159.05631890784156,0
6,153.1781288103083,0
5,120.99964814269468,0
6,168.4200303731755,0
7,131.5456826779358,0
3,277.6068788941852,0
9,127.9090087414707,0
2,209.78275698897608,0
0,204.3443122661066,0
6,275.6533958307929,0
4,287.14946311666966,0
6,255.67759546250628,0
4,228.2342674632104,0
5,116.10830831247537,0
2,114.49039298093939,0
5,132.34473441880408,0
4,260.1536799702332,0
3,205.86639426005087,0
5,269.492579258845,0
3,280.22421874560666,0
3,141.92384797606016,0
4,202.56594620457497,0
8,198.96050570531278,0
5,173.7769848300628,0
4,157.21257163802306,0
4,294.78044027288456,0
4,204.15773813724007,0
4,201.05158308478144,0
7,135.77778601051233,0
8,254.01699443308036,0
7,119.5913999329588,0
3,236.39244230757458,0
6,238.57834880441297,0
6,166.9987960541145,0
4,225.41216649465437,0
6,214.85356472355897,0
9,196.85115001518804,0
6,201.0355184116186,0
4,204.9425458554817,0
6,210.39293381376385,0
7,204.81936250749652,0
4,111.69086478302866,0
3,187.82312391955162,0
4,221.19588809574975,0
5,207.78309828314332,0
3,276.3000207516111,0
5,249.60692715995634,0
3,130.3672371957491,0
5,186.6698313556484,0
5,175.09306772422497,0
5,199.65212106982528,0
6,199.761488012904,0
6,248.9217335391879,0
6,214.1862690512915,0
5,298.44360041668403,0
7,219.2802510129888,0
3,133.55275837301787,0
5,162.61755038654243,0
7,248.3031256585407,0
2,70.86653883954517,0
8,92.32956681919639,0
4,200.85577657001843,0
2,276.07376948169326,0
5,304.5628345563902,0
5,182.63154023825828,0
4,284.86629495887075,0
6,205.78143278151182,0
8,77.48680142054155,0
4,199.35387708173045,0
3,150.4873500302759,0
6,273.45847043821925,0
4,197.94597917164106,0
2,97.76695147548237,0
3,80.02281512731527,0
1,198.3216034068439,0
9,6.382602283223548,0
5,158.54677681376793,0
3,218.48242605942733,0
4,115.43867967557135,0
3,279.51897255242636,0
4,295.28052398005536,0
6,118.66392377984386,0
4,176.15646606428106,0
2,279.5754521057177,0
6,199.89539725959287,0
3,88.44171375207841,0
6,188.53431451485176,0
2,131.76573421633287,0
8,288.6558317140708,0
3,248.4745675459671,0
6,174.89944437874976,0
4,211.37184100240324,0
5,95.35027384220109,0
6,139.69780331539107,0
1,324.26233501539946,0
5,204.28117220637338,0
7,274.4068643833092,0
6,218.56104707264228,0
6,305.14254744236194,0
7,40.092997392062415,0
4,184.94259327847948,0
3,331.58253169731114,0
8,276.4938748448515,0
4,306.0297807032153,0
5,199.45883250748074,0
5,157.03148676692933,0
3,117.82684322496573,0
9,112.24575266707917,0
8,264.5648449766815,0
6,241.05688403366815,0
3,194.6741240535712,0
5,240.65525238813444,0
5,211.39614072416487,0
5,276.9774161119587,0
3,276.2149403926536,0
7,114.7300719612126,0
3,221.8916789975832,0
0,66.49065998447344,0
6,210.64165904724769,0
6,248.34434237612683,0
4,94.90245241654713,0
5,166.68298116313343,0
9,200.7621101775842,0
5,218.71319330987117,0
4,177.7117037420132,0
3,106.21694780762624,0
6,195.67942384645934,0
2,67.82051464472175,0
6,181.3886850654284,0
6,164.6901109042456,0
6,189.25874612484634,0
5,155.25424180194537,0
3,79.38553294750398,0
4,170.692534352839,0
4,274.4656100029855,0
5,300.9168643191044,0
4,395.1467422975413,0
4,335.3320326718131,0
5,104.24496586655167,0
5,167.32499189818725,0
5,198.17714921297784,0
7,193.15521326130403,0
3,205.56266639169806,0
2,392.6073137238047,0
4,113.4358763366082,0
4,142.91750910285612,0
6,331.50607440712747,0
3,150.72149255321182,0
5,231.48645202685725,0
5,282.7725895894567,0
5,238.91992133856238,0
5,215.34125064819938,0
3,275.0888615755187,0
10,128.55451547960237,0
5,160.2909496403199,0
4,242.8510070772131,0
4,34.44485926285992,0
7,313.3267058675754,0
3,224.27139001582248,0
6,212.242540222492,0
2,69.55896978871542,0
4,97.07126996802096,0
4,168.11330685593106,0
4,264.5943880236479,0
8,33.870719024113185,0
5,263.06918406218847,0
8,171.19749407133065,0
5,182.12612218066783,0
7,220.28743533526452,0
8,221.54537902771293,0
3,143.00571280507222,0
4,249.99280707750742,0
6,14.448148808284913,0
4,163.96648907458763,0
4,212.29454105415232,0
6,172.40405478284202,0
2,53.847175682721456,0
4,260.6421903008377,0
2,100.12897502983583,0
8,194.59887939773682,0
7,212.24276776540984,0
2,201.58617230122937,0
5,293.5208740691052,0
6,195.73899520050506,0
7,234.19643237575522,0
7,195.52767734790072,0
7,249.03648673330196,0
6,311.47962376380184,0
5,211.0033463577755,0
5,262.54802860663995,0
8,316.4263147905758,0
7,308.5747397579417,0
4,169.17684771110316,0
5,282.91458845961336,0
8,219.90169280377543,0
5,289.3783998187131,0
2,245.490766685036,0
3,222.05344608289505,0
7,234.71776642770834,0
3,220.4190364831145,0
8,223.54664361092082,0
1,187.2934111534473,0
5,179.8620527513986,0
3,341.05399434981354,0
5,238.2022328888947,0
5,154.13560622148802,0
2,177.8066054856285,0
7,284.5006762758361,0
2,141.10506319291045,0
4,81.43778545511914,0
5,87.32406875183644,0
4,61.68195198361698,0
4,96.09481133884336,0
5,105.53072481593517,0
4,310.8189903686511,0
4,196.30566298725853,0
5,170.9389168690626,0
7,84.5269549585141,0
6,188.5498882022928,0
6,61.0137549948646,0
8,170.4466262970908,0
5,365.159551187494,0
2,253.1042862965092,0
4,183.21614717163754,0
6,255.84988843250852,0
3,158.27654574979454,0
3,135.94578056966498,0
5,336.3303703626274,0
5,108.61802768637813,0
6,171.67030114581195,0
2,224.4826625890808,0
6,125.10126353940414,0
4,252.04839629051278,0
3,175.47243802861982,0
4,253.11282620534854,0
2,246.87873438004146,0
6,180.5590295499336,0
8,336.8526938072788,0
5,146.7731357253247,0
6,307.909637643899,0
5,293.99465941024323,0
5,341.6705766128352,0
6,213.92448314744166,0
4,136.91314304576082,0
4,366.1437268263637,0
5,173.22388256189086,0
5,134.91659418355715,0
4,184.81706032761497,0
4,121.4647427074338,0
7,242.09190600986767,0
5,151.546529459319,0
4,177.00126640761022,0
3,277.422308933197,0
9,249.89545681409533,0
6,201.2467658055727,0
6,213.66988229975857,0
4,200.98043445052332,0
7,165.50759468661084,0
6,199.79786713217703,0
6,239.26733003943548,0
2,189.90702968169282,0
6,233.5814104184219,0
4,133.06649772615623,0
7,151.6885079083436,0
8,141.25435973808197,0
6,154.7894902566075,0
3,302.9744837364873,0
4,258.0831034488288,0
5,113.84615050525235,0
3,234.99986371267642,0
5,168.7534149881144,0
8,145.40923316227475,0
8,81.14084274219945,0
5,277.7534955056195,0
5,90.89094802662892,0
8,195.84294575921004,0
5,124.2951003420105,0
4,262.06751576559395,0
3,173.25185389488396,0
7,189.24298755837242,0
4,191.94125896559737,0
4,224.20562679486267,0
5,201.04038111866475,0
3,196.5381448831107,0
5,158.52784197961776,0
4,74.02165013263256,0
6,110.51592323665156,0
5,257.4783790944516,0
5,175.53444293389617,0
2,146.87921778220164,0
5,87.5417484465564,0
3,62.42822879277182,0
3,143.74344958974413,0
5,271.0442283236206,0
4,155.43438451021453,0
3,232.0388420193158,0
4,151.75521364816336,0
2,251.10933568230791,0
6,171.85993585530647,0
7,101.44926035596029,0
3,178.4837545680445,0
5,346.7200334624326,0
4,343.19074524406835,0
6,238.92266422234917,0
6,189.0352947669038,0
2,224.31214416760668,0
2,225.34818709866317,0
5,196.80905981063188,0
2,235.27552159380934,0
7,216.65814897228506,0
4,174.7222091708549,0
5,104.37945604930857,0
7,163.19526062238674,0
5,263.96150792588776,0
7,197.48302204037083,0
1,224.0229513270004,0
3,177.358757783647,0
4,115.23219959915002,0
9,180.90962281025418,0
4,118.20352794005188,0
5,113.09686611171588,0
6,296.4509287095527,0
6,166.39311960526268,0
3,140.68122196319732,0
3,329.4367747504724,0
5,265.1988028323393,0
7,170.27926195985296,0
6,234.21090604418947,0
6,181.1369345391438,0
4,144.58562565763202,0
7,237.97529795880035,0
4,174.05584917438375,0
8,206.03984071995225,0
5,281.7090587919737,0
5,272.89704830363013,0
4,155.9925366515139,0
5,238.8825281829669,0
2,109.77150030833953,0
3,236.0331329052564,0
7,211.87962446408844,0
5,230.31834898907445,0
6,176.20441962846138,0
7,366.7257018921992,0
2,127.89602339037486,0
7,277.7241368774769,0
5,117.46413441853348,0
5,240.3475339703457,0
7,246.06319818014262,0
6,204.39806972498283,0
5,160.37404715650365,0
0,211.29079125962392,0
7,221.36082667441394,0
5,343.19491890450263,0
5,130.21277717597633,0
6,155.52692029487986,0
8,222.7788445655469,0
4,179.51569676837985,0
6,191.996716981552,0
4,285.62814682910084,0
1,-25.621320274338785,0
3,152.1640523985751,0
4,60.61046189990006,0
5,104.33468504767436,0
4,392.3699593657976,0
5,247.8534507162205,0
2,276.12519400464834,0
2,193.55762801708548,0
5,260.6971059865528,0
5,58.67483939838007,0
5,283.0638729415681,0
6,134.412470515208,0
4,157.49473445392695,0
9,240.41208563637218,0
7,225.31574068657721,0
2,206.7696038714839,0
3,90.9523077135745,0
4,207.98509350573136,0
6,276.8449082786583,0
7,157.40103231201647,0
4,305.1949636272237,0
5,130.18464512687925,0
5,200.52383133746991,0
3,322.82621867012904,0
3,145.48800698403124,0
7,284.3188386701659,0
3,357.97218897774474,0
8,213.683525513932,0
8,157.83864100933545,0
5,138.1808957639981,0
5,304.368216267786,0
3,302.1355359471719,0
3,315.944729829494,0
6,197.37293194752422,0
5,283.0245553221684,0
4,196.0928487099144,0
6,129.35559027133127,0
3,289.9341428089882,0
12,330.7096222622564,0
1,118.35184217749442,0
6,116.84552296794641,0
1,203.19855473840997,0
6,276.49028845928,0
1,109.29446449968373,0
4,218.16125895647247,0
3,152.76584367521986,0
3,256.06632798600015,0
5,136.16905428032877,0
5,261.74424002193433,0
5,187.34281513458333,0
9,125.02875810551659,0
3,205.0951964341511,0
3,44.96213484093178,0
6,155.27243423160482,0
6,226.99208562597292,0
3,58.259617677448375,0
7,-5.690948248432903,0
4,12.85061441494662,0
1,306.1702844400296,0
7,193.85927897898165,0
7,157.40276847942502,0
2,275.6123788533464,0
5,167.64402540247113,0
6,221.47695198933857,0
9,202.06042807386103,0
3,162.32004633976175,0
4,223.53167071112847,0
10,261.86089771361156,0
4,185.20747063864098,0
4,163.15555414763082,0
4,172.59900736004374,0
7,16.166997377141456,0
8,222.64476372071294,0
6,103.27109688091589,0
6,250.37749792951394,0
3,192.76607194597648,0
5,208.40968772243525,0
6,256.0263336484962,0
2,125.87809869272522,0
8,229.53987546807656,0
5,221.40968420501318,0
4,185.21753338857656,0
4,125.74510393891697,0
2,247.61906912441313,0
5,256.2763635535453,0
5,209.08816207823074,0
4,114.37580674282842,0
2,157.80407736596368,0
4,195.17338220639468,0
4,255.0795639985675,0
1,73.32084791095068,0
8,154.89572285564986,0
4,167.78619520462382,0
10,193.34227364775765,0
6,95.89397727801226,0
3,182.59737773013333,0
6,175.16131485499284,0
4,116.99265028082748,0
3,190.56259326650527,0
2,156.70647225715985,0
3,239.64689140077658,0
5,129.1737951196529,0
3,207.1867297702764,0
4,135.32889302165853,0
3,152.019660947295,0
6,223.78333021643246,0
5,218.77741862737244,0
5,166.63822539373118,0
4,178.44715053338658,0
4,83.71148439123807,0
6,312.221144846456,0
4,254.99651183024224,0
6,252.11584406968854,0
4,72.39742264350278,0
5,152.36080060085706,0
5,173.23631768611017,0
4,45.51508063727903,0
5,271.19600768608694,0
3,316.3107590838509,0
4,364.95479648028913,0
6,116.32929379858109,0
6,209.3858797467419,0
1,305.8254615320337,0
3,179.7105216842437,0
4,154.64096689258577,0
6,50.71858611644072,0
4,290.6097966217399,0
3,198.4591395141308,0
14,141.65265128295502,0
5,222.7085831863088,0
4,212.24042985429318,0
5,213.4607281883673,0
5,182.63215501386597,0
7,329.7886527010693,0
7,189.30722133900622,0
7,329.54576610586435,0
2,245.12935411201582,0
5,228.09361142093852,0
3,190.93801973774757,0
7,277.91653548367367,0
2,209.03934140623963,0
6,125.42950279091747,0
4,122.76062472015715,0
8,233.79876975474176,0
5,127.40968918668034,0
1,195.02151544220004,0
2,284.5747630840873,0
3,224.3176142315467,0
6,142.2292103737002,0
8,312.7990009292912,0
4,243.83001895957614,0
3,281.42343897632713,0
6,18.595332543255807,0
6,226.4682302610197,0
8,267.37262691039143,0
6,336.02309138383936,0
6,82.89451326791666,0
5,296.48916713556264,0
4,331.55042285609954,0
5,38.616881817681644,0
5,238.2872887895794,0
6,249.40966514725616,0
11,173.8393869878475,0
8,160.79244319469683,0
7,253.4283130630258,0
7,150.80145972714945,0
4,182.62005372655216,0
8,264.9947920659137,0
6,340.3234440261491,0
2,243.03874180336146,0
4,210.67875963316092,0
0,158.68820122713836,0
6,119.1519967479155,0
0,288.76625932007596,0
7,187.72401190984922,0
9,292.0562619733383,0
7,173.63584976036307,0
2,148.05690709111911,0
4,233.66391110620128,0
8,193.877124858528,0
5,103.55771163114099,0
5,345.3894663825478,0
6,149.841298098269,0
2,274.2073216939371,0
4,267.3485303517185,0
7,99.24297880685145,0
3,119.80898843068124,0
6,175.87925282398976,0
2,130.74827643373467,0
8,338.11650975029505,0
10,183.98594905611907,0
5,271.1799234251255,0
4,241.09099112001633,0
4,221.12179591970826,0
8,203.22569685916702,0
9,298.97045662309574,0
7,133.99256213319867,0
7,338.1068248365269,0
3,97.0221455596724,0
8,262.5209380497939,0
7,87.58689120481739,0
2,174.74355582184322,0
5,207.46479504487735,0
7,161.0643720936389,0
6,185.46643443064872,0
1,89.04236416553653,0
3,121.00396250211588,0
4,239.86117657567058,0
4,202.3737459981956,0
3,144.75775793427943,0
7,305.94222105037375,0
9,102.40552800078274,0
4,171.07276273087498,0
3,159.54749774572227,0
4,249.20301022088356,0
4,203.85309529097555,0
6,191.34678027723226,0
3,52.46266369062087,0
10,269.20275845056744,0
5,182.57393481346105,0
5,209.2528814088336,0
3,140.1149423924898,0
2,127.53369897463418,0
7,319.94302067805495,0
5,58.140913739006976,0
4,115.66407777737825,0
6,318.43937221352644,0
5,251.2597104798923,0
4,173.96299746060643,0
7,299.72770514309224,0
4,235.7488093116807,0
2,218.61280735795356,0
3,218.0449613681934,0
8,237.2190573771595,0
5,240.45540010379625,0
6,375.67784423167654,0
2,184.40857506618624,0
3,186.8762249481437,0
3,101.04854499434289,0
7,195.84820905431854,0
5,349.0309519635855,0
2,278.7588001947725,0
2,156.50658048997377,0
7,202.4033091617028,0
8,96.28492995320043,0
4,122.47045245613549,0
4,211.9552922090974,0
4,160.44363177436378,0
3,116.43201684972654,0
4,239.18726117903137,0
6,193.41999306773408,0
5,74.59597026471685,0
5,33.988242706576955,0
3,154.39908011405967,0
6,72.93878852467778,0
4,50.487087482347704,0
2,290.31753611216686,0
5,192.18312881077657,0
7,178.76428974195974,0
8,184.92753470794008,0
0,108.97342793656242,0
5,232.87809320113348,0
4,189.54397386139675,0
6,139.40730752164706,0
4,151.38970523800003,0
7,101.80330294301638,0
2,167.50057016785323,0
3,180.82976953739887,0
3,165.41733366960287,0
5,204.4123645873269,0
6,193.7190636190595,0
9,218.46148309316857,0
6,275.44776295372753,0
7,247.44187817704645,0
2,276.36718724082687,0
2,132.1812616139017,0
8,159.3108084729074,0
8,252.2877347156774,0
8,253.7182137145669,0
7,145.71035059704946,0
6,248.9267140625394,0
2,124.51743066832466,0
7,238.4844579313435,0
6,197.89630393074873,0
5,89.24515168749308,0
6,165.27409425924745,0
4,374.58142477563945,0
4,216.2224290243996,0
4,384.0359981374608,0
5,84.48587760999709,0
4,260.0593434131074,0
7,-2.7468953445692534,0
2,199.98116120681735,0
4,250.4973902121057,0
1,267.0312075997021,0
6,136.05842203356696,0
1,283.1272337581389,0
6,157.30281919642442,0
6,186.87221991100827,0
0,165.3342224514693,0
6,109.08885194141348,0
1,325.5775669936687,0
4,203.84142537264614,0
6,286.98547029269025,0
7,283.57689934116803,0
6,122.56478285816135,0
3,297.2901798137281,0
7,240.2731394839458,0
6,116.72785084216886,0
5,235.90806650732037,0
7,118.16256921055458,0
4,328.5166694382912,0
7,265.1029395937677,0
1,194.30811502471718,0
2,301.1842894573747,0
2,73.44098842371699,0
6,140.05269599039667,0
8,179.8064222607703,0
6,378.8547745140414,0
0,114.36136793012756,0
10,63.415524660746115,0
2,84.44915884013835,0
5,272.4972695364481,0
8,152.46461835689146,0
5,187.27306685051093,0
4,261.0266113339587,0
3,187.35322976336707,0
7,216.33172836064443,0
7,242.81721180877562,0
3,165.54588864318276,0
3,186.69463520562527,0
2,219.35643218568092,0
2,269.4543418442576,0
7,136.61045886554808,0
4,-41.64607374638237,0
1,254.36665195085175,0
3,274.21727350000674,0
10,216.00273297041375,0
3,221.46345751652285,0
6,154.85520846878637,0
4,240.01467372279393,0
5,268.2533455747351,0
3,204.51970731347876,0
7,399.2998664005813,0
5,74.90071298628963,0
2,213.03693366850777,0
6,106.05176301461483,0
3,270.3876739165512,0
2,73.48196575662548,0
7,93.28627658258412,0
6,149.34504475606363,0
3,221.26657358843195,0
5,152.36228890707062,0
7,153.16469899207254,0
4,185.52876360591318,0
4,180.6207872750795,0
3,318.9959510654819,0
6,254.87288957351745,0
4,174.03386081722846,0
5,367.7609528970891,0
7,239.33289398848075,0
4,122.48303557491612,0
3,220.52109919934753,0
1,242.84100358922515,0
5,144.99002247509213,0
8,115.79928713551686,0
5,206.91672720339537,0
5,171.18225829551716,0
3,318.3302310764354,0
3,259.29246592679317,0
6,148.73797807307355,0
5,234.0750488758871,0
7,301.37025141797915,0
6,88.495644328028,0
8,118.17774072097983,0
8,199.10651061763753,0
8,202.84815743240273,0
9,195.82419956297116,0
5,175.13782569698577,0
3,173.9151742038384,0
4,230.74065094573032,0
5,290.71540429113384,0
6,161.52378162492585,0
7,395.0719476136523,0
4,356.85531485922536,0
6,306.3404503664065,0
13,249.79866676492495,0
3,360.6390485176125,0
7,176.7907708000473,0
7,133.39164704078124,0
2,157.92223524768127,0
5,119.76457575279348,0
2,209.74410578506956,0
4,223.98643713021946,0
3,216.06718709448856,0
3,199.005491825456,0
1,210.65236225372922,0
7,338.9059047079911,0
4,249.6041494111267,0
9,273.8007037283857,0
4,215.26319493494304,0
6,70.75290412255382,0
3,54.889402362439114,0
8,366.6247992166812,0
6,157.4542179815023,0
5,150.65989246784542,0
3,219.65305931017994,0
11,244.0322382663942,0
7,254.148970986753,0
6,341.95348263040034,0
6,320.0589106126353,0
6,135.1253420288943,0
6,277.49876587374314,0
5,169.27272654313612,0
8,188.99930044553787,0
6,112.480863523891,0
8,64.55417169348723,0
13,197.4750629894169,0
4,123.52144671110034,0
1,274.2250942857629,0
4,177.51374051839028,0
2,224.68721751598986,0
7,309.40206031323453,0
4,81.17638545743135,0
5,142.03060891602502,0
8,214.47068996526798,0
6,225.00198526586084,0
5,288.27980010178607,0
2,269.37225032324784,0
6,207.75469005845915,0
5,224.2723736477804,0
6,226.48607127923918,0
3,82.42301082609956,0
6,187.48996181160308,0
6,219.87785743976738,0
4,236.68406870280853,0
7,126.05092479486726,0
4,98.49616699768872,0
0,181.23739259855355,0
9,357.3892888873195,0
1,134.4601989817065,0
6,293.91425978838475,0
4,326.7791714436096,0
5,203.6373220986555,0
6,145.61216522772392,0
8,241.02556509265804,0
4,215.59922336795967,0
5,131.2716815847753,0
10,147.29577389025792,0
5,236.28638817162647,0
7,274.6752326534838,0
6,174.176783894769,0
4,194.46931480895574,0
3,253.4910856408864,0
5,186.20104926608516,0
4,176.05384213632925,0
4,139.57273442182193,0
5,138.1852301300775,0
2,413.51062065786044,0
7,184.30386719367345,0
3,309.2046657209779,0
5,334.7194670015257,0
6,185.31341684054726,0
8,229.4743846747815,0
5,208.19827856264257,0
3,71.02541194730586,0
3,75.84215902014702,0
5,203.90787735234184,0
7,166.00691691131232,0
5,351.3264270714872,0
5,181.07416490443052,0
10,356.07431976545,0
2,161.88868830915646,0
6,352.9760336487147,0
7,240.5139597557877,0
4,245.06335166169578,0
11,159.05888346130806,0
5,246.1533744322951,0
4,335.41707464650005,0
1,188.413800475189,0
11,172.84825477067056,0
3,180.25899689119294,0
2,329.60892840051497,0
7,268.42809656008694,0
5,315.8143992376895,0
1,225.08981683874157,0
6,203.14554854222655,0
4,233.91552312565057,0
9,285.6126827530032,0
4,180.2305405929708,0
9,309.4941594685429,0
5,229.26644456527015,0
2,7.497748957585742,0
8,270.6794741684156,0
2,98.2155989390414,0
7,268.733820853919,0
9,272.1214398590533,0
3,226.39140779049666,0
3,243.4944719101355,0
6,287.90966302751895,0
7,160.34978609514178,0
2,263.47437277619827,0
9,293.0418642365629,0
5,340.80660780307824,0
5,111.53757711522374,0
3,232.68128519902146,0
6,123.08086407508283,0
6,119.68623858388017,0
4,228.72222179247842,0
6,206.1964651836911,0
8,291.6001182817588,0
4,172.30588403246327,0
6,189.27588510423914,0
4,216.92034098705477,0
9,131.0536918850835,0
5,142.15441239872553,0
7,289.28789326180424,0
2,156.0835966975113,0
4,294.5981253159748,0
4,248.58500645346356,0
7,76.19751796088516,0
3,242.43029534702305,0
4,241.7983858475302,0
3,233.83428868090283,0
3,188.64986188935913,0
2,124.79460356865185,0
10,307.6970212890096,0
3,191.87363290217314,0
2,129.32750717317055,0
6,236.59749488704068,0
4,140.57760234133943,0
6,124.0731177371903,0
2,169.9621910238049,0
4,146.76817885455404,0
9,127.02061984123405,0
10,264.5129409809407,0
5,190.89377484300806,0
2,300.18239564127134,0
3,131.63924178160516,0
7,61.79511698909312,0
6,211.9016279399533,0
4,348.47831374451323,0
2,242.47894634896016,0
7,457.2299356970266,0
6,226.56472967592708,0
7,218.84417690304724,0
7,27.57098631536661,0
3,234.23579524708225,0
3,213.4934208015433,0
4,167.40630414363704,0
5,189.05769063527438,0
2,194.55195405262566,0
4,185.60566776543487,0
7,367.17719705007687,0
5,170.33103777559927,0
6,213.54509790830858,0
4,167.68791332910345,0
9,262.6744949315104,0
2,214.14109599777655,0
6,177.6071541463615,0
4,45.92256432742539,0
3,219.46465802310001,0
6,175.23389811361994,0
7,195.1407474490319,0
8,105.40336422037333,0
9,314.6625738176157,0
5,268.5394540675098,0
4,314.4564798112506,0
3,291.75834406247634,0
7,247.38538417019691,0
4,108.61739930188457,0
8,347.4709731257487,0
8,125.78918792899916,0
1,178.52739007400305,0
5,256.5521824501537,0
4,260.5232629749924,0
3,245.77893815556465,0
2,167.97692149367282,0
8,151.44546981156202,0
8,402.7626054884909,0
3,196.85488492001332,0
4,187.05828922889313,0
12,142.91548072489974,0
3,219.57362792567662,0
3,215.84182404624565,0
4,198.70190330365637,0
3,230.5381317430309,0
4,341.0830001953883,0
6,152.39578349672811,0
4,203.44669937616962,0
3,148.17212379595554,0
8,223.57586886605023,0
2,154.52243989004648,0
3,157.96456068526481,0
7,83.23813007554992,0
3,207.82358262557398,0
7,234.38156975239818,0
5,348.83810825538364,0
2,237.56019849518762,0
9,164.02527013621443,0
4,91.22567298511282,0
3,102.29703954676174,0
1,96.34973284224222,0
2,350.2433628359505,0
6,223.0248397541096,0
10,153.3627024590486,0
6,123.21123158773885,0
6,131.51137276848627,0
2,151.25604843948972,0
4,305.30041730041216,0
5,197.60452423538004,0
8,84.20268661808407,0
5,384.8367419784297,0
3,108.78710885072822,0
1,152.7331752060906,0
7,304.81155101071056,0
7,233.21197060872532,0
4,162.40616003006323,0
4,101.49064591249322,0
4,122.66479128599786,0
9,127.48031047388272,0
1,200.56254382796396,0
3,215.2849453825043,0
4,188.1076297094926,0
3,196.86289488605365,0
3,115.94214438445434,0
8,223.45088849791114,0
11,302.4414909469597,0
4,186.97666546003452,0
2,185.41706348564213,0
3,206.64008416422786,0
4,289.4563887807513,0
2,128.42216004490876,0
7,316.0677868585708,0
2,233.69777915481902,0
11,202.29445565590942,0
5,297.0591069331456,0
5,105.43503408988354,0
4,241.76364289957667,0
4,234.4247651605294,0
4,125.16359484849657,0
3,236.85104983630566,0
5,222.6644143504389,0
9,185.70095042480528,0
5,269.0254044184266,0
2,154.25965981138683,0
6,221.62569966746952,0
7,189.46609740357448,0
5,150.8242541593866,0
7,240.23077480950172,0
7,183.3811402120679,0
8,82.15948330323626,0
7,55.91471162256124,0
3,263.12459744665614,0
4,102.35199142185354,0
4,222.3507594720485,0
3,204.39615149025204,0
7,170.517457842328,0
7,356.5334765772272,0
3,214.37392147683568,0
7,260.4506786145652,0
8,222.7852972271847,0
3,181.47684615060152,0
4,198.47289998112467,0
7,316.6834212528387,0
1,287.0484234080344,0
4,356.15891453508806,0
2,217.73136743783073,0
2,129.84503474394018,0
5,164.75864445121505,0
6,104.9777446561127,0
5,261.36353031002216,0
4,153.12669471382014,0
5,-44.42543570556083,0
7,397.10205586639444,0
4,154.35190892093476,0
2,153.87272596113525,0
9,333.7289354128293,0
4,103.33988393619876,0
3,290.92847092265333,0
4,153.00460452607828,0
4,94.09636443225128,0
6,336.4574209102509,0
4,273.8477557650022,0
6,273.6000787612034,0
9,229.41244374310196,0
3,247.9281306462144,0
3,101.42735802015653,0
8,208.92886857957285,0
6,125.6989599639324,0
1,88.88475847495563,0
7,232.87626645664253,0
5,292.65196445276354,0
7,169.33049406175488,0
5,183.03896861323665,0
2,108.94794839335681,0
6,200.5773716870318,0
7,260.8060889910731,0
5,263.32221893822185,0
6,243.6140940504746,0
5,150.52550662443718,0
6,147.98967652582786,0
3,263.63235785927463,0
4,264.9599145773385,0
5,186.24040116544856,0
8,165.90624739474515,0
10,293.37976747565597,0
5,171.20410681494025,0
3,259.6745779619025,0
7,189.05254601135212,0
2,116.19737751704,0
6,328.9849712018962,0
6,209.6051116585181,0
6,143.14048160895334,0
5,88.73554657798367,0
0,96.79993614105331,0
6,170.1670876724319,0
4,354.0103106826874,0
6,153.2270497060606,0
3,315.79638658769636,0
6,189.53890651175328,0
3,105.50796871186542,0
5,162.1431049239683,0
2,97.52096610100455,0
4,131.52252384289167,0
7,129.1401550499266,0
6,47.69569060149871,0
7,321.0236855051781,0
6,216.88136241778253,0
2,145.09772755055184,0
0,217.74061971467114,0
4,133.16156850863507,0
5,-13.684957229580448,0
2,436.53533065812394,0
3,215.16799013416477,0
6,152.8789568548188,0
9,45.28681506580534,0
6,80.4680163885952,0
4,332.3593543643924,0
2,320.15508390387737,0
6,260.25720287991584,0
7,110.7938369272149,0
2,320.79791903816084,0
6,235.9826094355482,0
8,252.39395586812276,0
4,235.69367555545972,0
6,79.4410252299117,0
6,104.147123940249,0
1,159.18254668733107,0
7,251.49117660264906,0
6,89.5654334205483,0
5,185.97228680446474,0
3,185.87123918695593,0
7,263.4191751462062,0
4,253.973722848613,0
2,119.18192567582936,0
7,315.73489355898414,0
5,106.94081369997679,0
8,287.37915535206,0
7,155.98840813212814,0
5,213.11407627466977,0
4,218.0789968083444,0
3,215.81659525670364,0
9,253.95993587476562,0
4,231.3167598346826,0
8,262.69193038964306,0
4,237.16959682761086,0
2,98.84357928593249,0
2,221.583925964639,0
5,154.89040779957335,0
8,111.25900176741732,0
5,176.81280858581601,0
6,214.65884792280727,0
3,219.97400223902278,0
5,284.48197961122145,0
8,304.5847295177262,0
4,226.90246646058847,0
5,241.36851016075275,0
1,207.62472265405242,0
5,261.3780370919668,0
6,238.95905110696515,0
3,195.64095249137569,0
6,372.15860536034404,0
5,156.3053309246545,0
5,316.356556536667,0
6,91.65656589384503,0
6,265.08932291611643,0
7,314.925468138147,0
6,47.422474319366415,0
5,211.11604584440752,0
6,257.2331232995235,0
6,220.1570883302453,0
5,230.25247484855709,0
10,210.89785299013306,0
4,112.46017389107264,0
8,389.44364737243535,0
6,159.71697093473608,0
4,234.73289910231242,0
5,148.25282583316582,0
4,17.930944798344115,0
6,126.0389701000825,0
2,84.19146461798896,0
2,287.32540313795914,0
9,151.4505587164436,0
1,158.87269286560297,0
3,114.8535429917011,0
4,207.5228318972082,0
3,142.68331869109755,0
2,279.3883784997431,0
6,224.16314584713288,0
2,154.25393714204415,0
7,268.01864414696155,0
10,200.63524184185906,0
1,201.71975245519607,0
2,82.98920770144593,0
4,194.3131093771749,0
4,225.72357114543988,0
8,306.68534577586763,0
6,139.84850960773417,0
2,382.2486898708409,0
6,244.54946534631887,0
8,78.44704991729542,0
8,132.38415087315548,0
2,313.67993313734553,0
5,299.45833143699156,0
4,201.44747852484022,0
3,211.99341624462815,0
8,106.8311781019223,0
3,305.7154192188274,0
7,120.97863305804262,0
2,267.5792888898734,0
1,308.16338949321107,0
5,203.8524443375607,0
4,277.4089092897759,0
4,347.81117664205556,0
4,221.43750393685903,0
3,185.9758546854443,0
0,194.65177139587865,0
2,140.56096778623294,0
3,138.75329658105014,0
4,235.39254110605623,0
2,186.88401422805723,0
6,226.20553414810126,0
5,80.80510801179429,0
1,192.5904939850288,0
8,282.40942800723707,0
6,110.48605784191855,0
1,201.32211313076408,0
9,51.63125512812712,0
3,95.56303821814609,0
9,264.612871014244,0
4,175.25725653496403,0
3,345.7658292430834,0
7,234.595448833945,0
5,242.44765319114595,0
6,113.88143600840806,0
3,169.19156985244376,0
7,141.38910543619102,0
5,114.76466083595314,0
8,253.11145008769083,0
7,269.16126926149434,0
3,231.91497553339588,0
5,133.75462454192103,0
9,226.458402807797,0
5,46.98572788274748,0
6,305.8407414966432,0
4,96.14798594900506,0
6,110.36328140492293,0
6,209.2233815656154,0
5,216.33276481936366,0
6,194.18011212385724,0
4,111.18976472141627,0
4,290.6678394882634,0
7,65.12406391445995,0
7,81.33848076412441,0
5,191.4413782436415,0
3,98.86128145244898,0
3,297.810022102074,0
3,105.74282916696681,0
2,324.562172176825,0
6,282.80977326172587,0
3,298.8044588406067,0
3,350.96847863625965,0
11,206.49823392766123,0
4,118.96203233440339,0
10,191.75936993850866,0
8,154.66675156728297,0
3,143.2646981989022,0
7,212.0682749445466,0
5,175.06366286338027,0
3,139.82322525464028,0
5,180.36780859301933,0
6,243.9182771362964,0
5,276.5133765274157,0
5,71.76608694472083,0
2,175.74391309371663,0
6,188.69254356202364,0
5,105.39839822178945,0
4,190.4235413567441,0
7,211.8396487632022,0
5,241.50676362247924,0
6,206.17264205053363,0
6,129.52404720019555,0
6,360.9624022057477,0
3,266.33014172972787,0
5,244.21757957198935,0
4,280.3865005608749,0
8,219.56873374483817,0
3,302.9040708417564,0
2,204.54975602286115,0
1,200.1397968219347,0
7,250.81827830329632,0
3,326.10860370327384,0
2,320.9638892231446,0
4,247.42780786079965,0
6,241.32894868614397,0
2,255.6833928877189,0
7,278.8496730669278,0
4,303.89855515305936,0
10,181.07327327969202,0
8,305.4449031869913,0
6,227.43960912570446,0
7,252.074529799996,0
3,310.55594572271957,0
4,259.7649800072543,0
8,273.27964505222724,0
5,168.8465173374063,0
4,319.86492349997445,0
4,255.65493688609,0
5,210.0852574272398,0
5,288.08595095144824,0
4,407.0264398208399,0
3,106.48603985424522,0
6,135.70139016613743,0
8,414.8244247068708,0
5,234.13558738434995,0
5,215.26957429052544,0
3,190.7691406670268,0
5,296.6748800777152,0
5,408.899784704823,0
10,146.78491674133235,0
4,192.2498618248533,0
4,171.94182971457073,0
9,258.62919814554226,0
5,297.79147501204596,0
4,329.67462282664934,0
2,261.33746260962243,0
4,401.5466232994894,0
4,154.01976134340697,0
5,133.23675580538367,0
2,317.5475434652967,0
8,209.82658556770693,0
3,89.92477412677752,0
5,174.71496226900405,0
4,220.4526923277819,0
5,148.3001409674116,0
7,118.82714503243291,0
6,183.38966907792994,0
7,114.83732637106309,0
3,250.81048311841855,0
8,44.495612248572286,0
3,207.2339942372338,0
6,241.5607910486642,0
6,192.7567008201299,0
6,287.4578317656699,0
3,90.35510126366916,0
1,143.91283988991086,0
6,173.59722829992884,0
5,257.0179655527445,0
2,217.48060688368966,0
4,371.46927861939344,0
10,135.53712824208856,0
3,88.4008881135479,0
11,343.1271186346449,0
2,85.53131328540937,0
3,254.6450169119236,0
3,121.70639663824245,0
2,34.45453193218512,0
3,170.01729649494143,0
6,271.9599969981728,0
6,102.2583129221541,0
7,246.08757825158648,0
3,261.02908489491614,0
5,98.26478867845567,0
2,181.77909690301036,0
5,326.1659857861731,0
4,252.04740959709943,0
1,179.08060283391836,0
3,233.22363850031357,0
3,145.17893532236417,0
8,289.095654270802,0
10,289.06080516817116,0
4,209.67247320688438,0
5,218.4564925166155,0
6,120.09624999954619,0
3,91.83708583457366,0
11,169.87162048467755,0
5,193.00786322470574,0
5,285.0101997910391,0
3,273.79422004946485,0
7,214.78663106872742,0
2,295.24311874982294,0
5,124.52110569484773,0
4,286.1869509822696,0
6,136.76570285204258,0
4,299.17556240513943,0
5,198.9322828184015,0
3,40.13706587698101,0
5,258.41257312251537,0
6,264.7636607600624,0
3,163.47359564091343,0
7,170.29923372847867,0
4,187.23637760923168,0
2,45.987854989898295,0
12,10.821746152388528,0
4,304.1300510504311,0
2,134.07458660715386,0
7,348.42112876610906,0
1,309.6321440911131,0
0,325.3756251415791,0
3,147.9760838026276,0
10,71.3279050455535,0
2,113.04941547245161,0
9,164.28362182776706,0
3,10.141621371948816,0
6,161.96594487006664,0
5,183.86575779911115,0
3,96.44632227306444,0
8,116.7611921403334,0
4,182.35211830553587,0
5,228.5029238648241,0
4,128.73418655998046,0
4,223.38020876610153,0
3,210.94768063902842,0
5,203.75086872147128,0
3,147.83887009147384,0
7,93.32963231716938,0
2,335.7161583920592,0
7,250.42447331659406,0
4,280.45853224485904,0
3,193.3096252128862,0
3,186.87796461918896,0
8,239.252774458031,0
10,53.22493196382035,0
5,110.82852245174843,0
8,136.17800975773017,0
1,163.634686196659,0
6,129.62434564238765,0
2,226.6245700200597,0
4,206.51577875702685,0
4,311.4291751801102,0
8,397.90073256900496,0
7,98.97198078812536,0
4,211.78441711747564,0
7,211.64207025655793,0
5,198.864154418827,0
7,113.21403432275987,0
3,126.62420434859597,0
4,219.23244895328952,0
8,124.37199413542109,0
7,212.74175777336063,0
2,180.3240172363516,0
2,211.33263224970256,0
6,123.73596236524527,0
8,212.59753938676292,0
4,129.52379332187277,0
6,212.85564869255347,0
8,307.1516897951326,0
6,220.87870800128564,0
4,225.74963059064459,0
6,265.37652139980383,0
6,87.71533244213897,0
4,337.513725897841,0
4,115.5528005910104,0
5,270.37287978951497,0
9,259.7527989805058,0
5,127.82669107961917,0
6,280.71089094134095,0
9,239.82502131306472,0
3,351.1982915521806,0
10,215.47030010730344,0
7,191.3165334781922,0
6,158.81899776654365,0
5,60.53157829190613,0
5,174.54179481990724,0
9,177.92812845928984,0
7,220.96465460459478,0
7,86.15175112940275,0
5,180.87902310504967,0
2,246.10011136176925,0
5,254.04077403940136,0
4,51.21478590901381,0
7,256.51252869225794,0
3,180.27408695028066,0
3,185.19912980011568,0
6,10.838770411532977,0
3,319.4856930046304,0
5,214.1439108009036,0
3,77.48316587818344,0
8,230.01612599331733,0
3,227.55827526776196,0
7,297.80353223463914,0
5,175.22489845672976,0
6,200.9596855150869,0
4,148.57537598096738,0
6,247.83588911941905,0
7,137.32077266599603,0
10,128.5607586335816,0
7,194.57619697760634,0
6,101.93089829569371,0
4,328.1704974831388,0
6,354.18133821935004,0
2,163.71279316625476,0
2,89.07239947542678,0
3,226.92736311216493,0
9,161.43179856248608,0
4,293.97449060224255,0
7,137.0282723576077,0
8,243.56105779427543,0
6,209.11948715133545,0
3,145.8990791509272,0
6,219.20398627935532,0
3,270.28260467798793,0
7,206.94788152443175,0
6,207.7827732101007,0
2,130.17732577170602,0
1,291.5363838323309,0
2,283.5637262514547,0
5,167.1552649050803,0
4,190.05692324136035,0
5,313.13765381522614,0
8,109.31433431620357,0
4,248.34307130870252,0
6,155.31089814950974,0
3,342.2462301401313,0
4,205.07573829322698,0
8,300.8302814512034,0
5,139.09381212310973,0
7,100.11770541405858,0
2,181.25924342391104,0
5,221.01467663574692,0
10,159.14146543868694,0
4,260.6645941019974,0
5,183.20371457516566,0
3,33.48502705867156,0
3,244.22495833544005,0
8,129.3970352682274,0
3,171.07220946587853,0
7,324.25049628314844,0
8,341.8249379296872,0
4,153.9605251925751,0
5,246.22293045054718,0
6,155.81804076618843,0
1,177.05016168811176,0
2,151.53796680811578,0
3,62.05250556828122,0
4,207.60441789869677,0
4,223.05323095569332,0
4,146.31986037510893,0
3,287.0233369149687,0
5,165.11358263238245,0
5,149.02305401127882,0
2,242.1202494486485,0
6,76.58544080219768,0
3,272.53432253622447,0
4,167.82646740845098,0
3,279.14288611152716,0
6,303.0504420663325,0
4,251.2122753885713,0
1,135.04213658173512,0
9,99.93346348124763,0
7,85.27418693318111,0
5,288.2328561361049,0
4,189.21599102398534,0
2,152.0622564375321,0
4,189.43342787688866,0
5,286.44969671633345,0
4,262.299182828764,0
6,235.08049245670838,0
3,251.0308845941124,0
7,214.4137884397559,0
5,224.169044583714,0
6,217.68201849208376,0
7,199.9951003497957,0
2,260.2699107065025,0
6,228.9025684960316,0
4,129.54279751144338,0
6,242.30995084181228,0
3,219.77976531034435,0
6,248.91307751320792,0
8,191.66344691079772,0
3,264.93922510137264,0
7,195.08731593070743,0
15,257.91037492804355,0
7,163.48227872395913,0
6,169.0196756720838,0
3,248.16420185680997,0
2,173.45812850042046,0
5,376.4626155798529,0
6,245.31559894232214,0
6,201.99387889233606,0
4,265.5920621407079,0
1,161.54556720187867,0
6,273.8411855386414,0
8,271.6188173330826,0
2,300.282724622364,0
2,164.7352374921138,0
2,102.1813396689804,0
5,151.18762886379614,0
7,177.46955872218024,0
7,333.3769280681404,0
9,375.6009623302199,0
4,227.5729843715186,0
7,200.75124864148793,0
5,172.00737356206312,0
7,265.9752280168694,0
7,375.08651135932143,0
3,342.8680712950617,0
5,291.0381290084667,0
5,289.8642024891085,0
5,266.58479090032915,0
5,196.21674834331722,0
8,141.07614219673633,0
2,198.3348728537647,0
6,233.78716817050827,0
6,83.70928810253639,0
6,187.7639416507033,0
1,133.92541163269811,0
10,281.10729288545133,0
5,156.02332782746316,0
3,226.257626558479,0
0,143.99837656515388,0
7,327.8159460768733,0
4,63.93944507723316,0
6,238.06723014751734,0
4,97.81938652480541,0
2,159.25338796121193,0
4,216.49493629476038,0
9,220.428562505347,0
4,218.34134728763303,0
5,212.13993127804002,0
8,148.6524590501246,0
2,186.87573415289512,0
2,202.5307212943132,0
5,215.62883174071064,0
4,194.74556217544094,0
8,258.36723367875635,0
6,207.47095761207538,0
9,216.1060774097291,0
7,169.3878121350786,0
2,115.80464587084622,0
8,212.32231445859765,0
3,296.595683517035,0
5,235.50889845843307,0
4,134.60048470281666,0
5,265.1792020654883,0
4,173.19063457648346,0
8,257.17231843842296,0
0,170.4963308083071,0
7,228.26451518618958,0
4,158.52021307005225,0
5,160.55580028237324,0
2,74.69877063234082,0
3,240.96598553289277,0
3,229.61357078562696,0
1,234.1154173008754,0
3,222.0264448905449,0
4,139.01999733413575,0
4,277.2719411594864,0
7,279.4223440073816,0
9,136.94100278635338,0
1,242.56991930799663,0
3,269.99929482943816,0
5,162.39213813250228,0
1,176.31714486045183,0
3,242.7290726569429,0
5,79.1736184468559,0
7,112.91862227728001,0
4,120.81799937043507,0
6,56.29469081396036,0
4,286.7951819349984,0
3,40.94945486466662,0
5,227.4488530745093,0
4,264.93467158041756,0
4,176.51232364693863,0
4,146.53059002150042,0
5,218.62739605893114,0
4,200.14664004755852,0
8,280.28038899331324,0
3,-10.28169123183659,0
5,126.50340190814977,0
4,244.92615071328444,0
3,204.0357954219568,0
5,260.1627327357494,0
5,220.961598099173,0
5,189.22103494069498,0
2,175.81692455251965,0
4,386.0044012700469,0
4,322.7957019225209,0
7,239.64040784761775,0
2,206.27711147587317,0
3,243.05060394827476,0
4,266.14677742983264,0
5,233.50613485636075,0
7,139.88959012907534,0
5,342.7608614179608,0
3,219.69665822032152,0
2,361.11440243118517,0
5,214.97179895018672,0
7,180.3477318299573,0
5,310.7312099237171,0
5,224.09495664622136,0
7,210.67381076074315,0
7,103.97086354859246,0
10,252.81742441086624,0
4,160.53516936352733,0
4,164.17670327408206,0
0,160.7560923675863,0
3,235.1227067756242,0
3,77.16989811394481,0
2,183.1323725819354,0
9,278.42231928875026,0
8,100.3464904527994,0
8,213.83031687476682,0
4,149.48804637833325,0
10,167.70455044274934,0
3,332.4121808311926,0
2,67.96086531639932,0
2,261.2504270537293,0
2,161.765738497823,0
6,157.78688118834663,0
2,111.0750126009386,0
9,260.31197098189085,0
8,184.6876306972787,0
4,174.58644689642782,0
4,208.78695433632598,0
3,186.37702994065594,0
9,39.94496961971805,0
10,160.73406536181133,0
5,271.63527127586593,0
5,79.47068287101533,0
9,112.80496801149164,0
2,165.85668836811794,0
5,141.95012650902865,0
5,197.76916142867137,0
8,112.55385986570074,0
6,168.97163809525017,0
6,196.16043747205327,0
7,251.91523329663767,0
5,299.5831508879677,0
5,179.07622769172482,0
7,351.044819299666,0
4,185.2876335564381,0
4,266.3100118605225,0
6,354.5206187781423,0
6,211.14467273887482,0
4,90.11787027379717,0
3,207.2723085766105,0
3,151.06856894360715,0
10,178.04543784220382,0
6,358.7981505996172,0
6,102.17892614208994,0
4,224.0373457844687,0
1,129.78229757426203,0
5,175.38736470392683,0
7,259.58738681635873,0
4,225.45311547784183,0
3,181.99741848307286,0
5,148.01597397882975,0
7,225.28625537228913,0
9,336.61493737226965,0
2,127.8918445901101,0
6,352.93311083662184,0
2,295.9597960580121,0
3,309.5482694062214,0
5,224.6745904743681,0
3,293.6903820407915,0
4,119.2934974039499,0
5,146.55648737211908,0
4,261.2651051136314,0
5,223.6676044179053,0
2,188.12965932017846,0
4,-0.20871124859377232,0
5,165.1620761569463,0
6,106.07569757613875,0
10,239.4827449049202,0
5,184.70651771462116,0
6,149.73595646667962,0
7,411.43283860994427,0
4,283.0539581355388,0
7,284.4697713084847,0
6,376.1772115745738,0
2,264.17534261464874,0
3,138.32367924217073,0
4,128.96829186466107,0
4,277.1922207003388,0
5,35.25165761798587,0
7,193.77762951923475,0
3,26.310049795484133,0
3,207.9074806711605,0
6,268.32562005695627,0
3,222.35324276829058,0
9,275.0487487176478,0
7,357.1861553327932,0
5,188.5169250190393,0
6,424.61206266231045,0
6,217.01359649361237,0
3,275.93320501522874,0
8,151.1149828347946,0
10,329.5451183704546,0
6,283.33681588341034,0
7,317.7161042054398,0
2,204.36035374191638,0
5,99.56659484933684,0
8,236.83179517003248,0
6,64.23841493411874,0
2,173.10513571024384,0
3,215.28643493058004,0
10,390.1779434008614,0
3,225.48388895535524,0
4,211.16299752664315,0
9,194.95740607717659,0
2,92.6327276187986,0
5,206.8660672010406,0
1,208.2306140909418,0
5,122.51132036370262,0
9,105.06035084573082,0
2,161.47434537858135,0
5,205.19463828581544,0
6,163.39566548948335,0
7,115.9299640278783,0
3,223.14178016034444,0
7,243.10934593353832,0
7,209.7038167377788,0
6,154.96138288984534,0
4,247.58728169858065,0
10,184.75701682184152,0
6,104.87330341238804,0
8,282.8995484001119,0
3,228.2806415413192,0
6,190.45677554434087,0
9,74.315823613222,0
3,140.41117766918308,0
7,361.4852569906342,0
4,79.33263504954424,0
3,179.8920576286646,0
9,198.69313901171043,0
4,225.63814315292439,0
4,80.22632513388687,0
3,213.93410051236802,0
2,65.11156300226563,0
3,207.7943036956409,0
6,147.80816647923342,0
12,130.7304586465752,0
7,266.785372693407,0
4,181.15150053088942,0
7,237.89686439260572,0
5,240.54615291022537,0
8,301.59627911640814,0
4,103.33938067031802,0
7,273.52125300158053,0
5,201.31692979504376,0
2,169.7500335704325,0
4,108.05995846477741,0
6,248.52726892342895,0
6,126.22203829328917,0
4,241.42452695817144,0
3,354.2264618373706,0
4,278.3981632287463,0
5,311.3147460120519,0
7,142.47961782199746,0
10,261.0186436905596,0
7,108.46280358908876,0
5,181.3213677940309,0
3,339.3017644975296,0
4,151.37262348588126,0
4,288.9084947338475,0
8,281.2517386399772,0
8,285.979300017667,0
4,98.63984191029817,0
4,242.01607728125438,0
8,187.47211472665094,0
4,287.07974860232895,0
6,67.59996802185239,0
6,229.42303112524826,0
1,218.11001622720536,0
5,40.79066102008517,0
3,129.16637151240184,0
9,53.58782295065191,0
4,141.89157584616746,0
8,243.93736677321183,0
8,215.6292460518886,0
2,213.5520064474839,0
6,116.8201512854894,0
9,289.63603932084254,0
4,198.4944257310928,0
4,202.69630498060067,0
6,275.23196551569043,0
13,120.69234018459692,0
6,218.28382158975384,0
8,233.87699932811358,0
8,156.35454797649214,0
1,252.1898704607821,0
8,238.16985365036538,0
4,191.905863017806,0
4,189.42792878921108,0
2,241.8838126297044,0
6,263.0776832010552,0
6,205.03199339253123,0
3,289.61515683254777,0
5,252.68207699444667,0
8,56.9228840218548,0
9,87.60826419662861,0
3,294.5788175217329,0
2,180.25814948232818,0
7,213.13406582379793,0
6,291.1432414127316,0
6,199.48710261025272,0
6,202.9814087671479,0
4,130.50166137666167,0
6,229.59956057820165,0
10,246.92097751734588,0
4,153.76945303977152,0
3,126.23828973553066,0
0,410.10314041561827,0
8,192.56732241213737,0
3,145.3046128312567,0
4,256.52691562338094,0
5,195.93647718176865,0
3,113.13869413903174,0
2,238.6442857321156,0
8,131.7503224739345,0
4,326.11664017245073,0
3,239.56037038019218,0
8,177.8495660379133,0
5,208.74776144176903,0
6,272.26304968785547,0
7,214.8769002848639,0
10,369.7687565786839,0
7,290.869401311642,0
3,239.00858940488973,0
3,125.04113011932128,0
7,188.24895168784073,0
3,238.3099976041962,0
3,134.17108673934894,0
3,303.47414999703597,0
8,122.06741265775675,0
2,149.02194415632783,0
5,155.0160652084095,0
4,259.50595685065065,0
2,135.60509062633815,0
3,56.00187436647562,0
2,287.04310686093703,0
6,164.44909719155504,0
3,114.51938942784506,0
6,139.6113157437968,0
5,337.34101993474803,0
4,147.43650421816713,0
6,190.13055156984788,0
6,164.24653101711874,0
6,101.38699652529948,0
7,140.5825150202429,0
10,95.9113274394804,0
12,276.47050205445714,0
5,208.07032516908765,0
7,398.6142209739457,0
10,143.28714200075288,0
2,131.29118030835048,0
4,322.70078146842627,0
6,284.6381625654508,0
4,230.78120174168177,0
5,110.90467879293827,0
3,339.59970141823476,0
3,194.23174721837216,0
3,165.54598972039713,0
6,291.4367789534624,0
5,198.2163902997016,0
9,106.74639314944939,0
1,203.22420795988654,0
5,137.49209587433887,0
6,-40.74729141465389,0
5,129.46318462798945,0
8,157.78115433057195,0
4,107.54839125655616,0
6,246.01972256912302,0
5,137.80417941369745,0
7,238.2740960667565,0
4,101.33442109053482,0
7,272.73751368660305,0
4,97.88139786668067,0
5,12.677567248714155,0
5,298.9810068130582,0
5,131.5284957015063,0
6,340.55432465595266,0
5,245.1673520966456,0
3,263.22106547050026,0
3,283.63780003728584,0
5,209.01434769992554,0
4,209.9244334270831,0
5,302.5072019355447,0
2,208.90867965584783,0
8,141.7458522562712,0
4,246.8606848129779,0
1,30.90852684920381,0
3,305.56470412481707,0
6,307.2351308772073,0
7,295.85333344984633,0
5,292.7817569902155,0
3,193.26597397271016,0
5,191.46540924055822,0
4,101.6287928183315,0
4,339.84330013688384,0
2,161.19854615789777,0
3,227.19082478015048,0
4,220.32362263638225,0
6,92.76646547166747,0
8,60.42599807014355,0
5,200.44692966938786,0
2,163.69951059107927,0
3,192.84505126053318,0
6,285.2332504162586,0
6,217.99553204296183,0
9,260.68180326117846,0
5,235.6262529740462,0
3,174.69326454081346,0
6,119.8557466245549,0
4,221.17742944907747,0
5,206.7114095476873,0
4,273.2125070003798,0
7,187.92799442220056,0
9,176.2126763907582,0
6,181.64004929747202,0
5,126.50186919956434,0
2,315.7527955856366,0
7,291.17030036926093,0
2,102.95761368335626,0
5,264.315851357804,0
5,52.39959488541078,0
4,278.8231386488818,0
2,144.29196391138595,0
11,228.7920446142601,0
5,45.639224836666244,0
8,104.10366146576396,0
10,237.49623737995276,0
10,143.92734532937757,0
5,132.8029703702241,0
2,311.66893579616783,0
7,376.87673690183,0
7,274.9611149455586,0
10,112.64955426119491,0
3,341.08154662541597,0
7,75.08541922812941,0
6,175.6406836739739,0
2,204.38222135898985,0
2,353.9230275070999,0
3,273.012731004138,0
4,162.89938441603843,0
2,124.40349833762002,0
9,280.17541230426036,0
7,157.33128342237157,0
8,217.339207029198,0
3,90.41788085927074,0
7,245.54062841793603,0
3,239.0956116597983,0
10,100.67039506734628,0
4,282.5298490297312,0
7,244.37966465942253,0
2,259.2019402224078,0
2,169.70570457998954,0
5,214.31651290291538,0
10,205.07030950922595,0
6,188.14636761966156,0
4,213.64026225326768,0
1,300.51543790371056,0
8,285.99605109631415,0
5,105.45114580249147,0
3,278.8321453525552,0
4,295.29146981984286,0
3,187.90578613181071,0
3,240.6757683038221,0
4,239.52013338424143,0
4,132.0026706660559,0
5,169.44349699773375,0
3,260.0648191081286,0
6,160.3342210534839,0
4,278.0399647409846,0
6,304.3977952679809,0
6,291.49374735843764,0
5,358.38436825355654,0
7,192.741417416711,0
5,214.17608591752503,0
6,225.6530438210112,0
4,195.1681660007409,0
8,243.37431792813155,0
11,63.103677679040885,0
6,216.39243109540155,0
3,89.80506800936834,0
4,122.99013779139375,0
8,258.6311848823931,0
6,184.07070092407838,0
5,255.80915797726448,0
6,182.3378717119096,0
4,288.51250531129244,0
5,180.87354355029572,0
14,43.606520834950146,0
4,218.03140656090164,0
6,26.491212343795922,0
2,83.7823277974074,0
5,129.3642776801144,0
5,119.38324177838501,0
4,156.39593564669718,0
3,116.63457411751153,0
6,87.52378691314618,0
5,323.3468595872619,0
7,145.74843628864835,0
8,21.538587748208187,0
6,171.12653015925943,0
5,110.02151535779569,0
8,129.2025898165749,0
9,256.8273985081988,0
3,164.14739049718258,0
5,107.79227190256918,0
2,235.70028079657956,0
6,291.99526644872685,0
9,242.94977301118757,0
5,3.715554267965956,0
7,110.80083980823888,0
7,203.7958824508964,0
3,180.45604757887878,0
5,173.81798768486428,0
5,121.37946457273328,0
4,87.55327335380483,0
5,360.6225374250416,0
4,202.16887625111295,0
8,251.36974310939343,0
7,200.50009388670472,0
6,203.70789589103916,0
7,195.03172801525702,0
10,110.36433127404543,0
4,78.84084335726018,0
9,230.89802989959895,0
9,215.02739258169333,0
9,275.06247187677656,0
3,258.82886613136213,0
3,135.31902458002634,0
8,290.6073047137497,0
6,261.2021756123614,0
9,255.2673255885868,0
2,379.94614335830465,0
6,363.516701000655,0
2,255.19310132439088,0
9,245.21577646700237,0
6,286.53241454157444,0
1,153.2836984263703,0
3,154.413659392716,0
4,253.87371256735307,0
4,131.4819128697942,0
6,247.42155884186042,0
8,212.5465733228952,0
5,131.50479163263049,0
11,202.06932082306395,0
9,304.4065273710733,0
5,206.58963605230701,0
4,206.92381180943818,0
3,226.3188223123677,0
12,236.7350818313287,0
5,173.53276271350455,0
12,228.02088383736384,0
4,116.07437123274136,0
5,136.07431545328896,0
3,146.30807135395017,0
3,237.58101517072865,0
5,212.81862620450215,0
3,189.25123382048375,0
8,255.26159916682295,0
6,230.30896661938687,0
4,176.80185760137024,0
2,117.18153257441503,0
8,134.42329590185977,0
7,82.65524276856866,0
3,211.24556401206607,0
3,131.02889740370625,0
8,160.37416144129034,0
5,189.7927455496909,0
6,283.51961530645485,0
9,274.30324786534555,0
4,195.62332229968206,0
5,301.24027915202396,0
6,39.01211925433114,0
7,350.177643981321,0
3,255.3999771443668,0
4,208.22426280159436,0
4,128.69122553983496,0
1,164.95461070956287,0
5,248.7480716462433,0
4,250.5663506825131,0
1,253.47146964726295,0
3,141.72026125068317,0
7,125.61218295878322,0
0,215.61641954820053,0
9,261.58831662171787,0
5,200.25478796038868,0
4,318.5187397508134,0
0,202.6509969752089,0
6,199.94330849336112,0
6,253.64479929541352,0
2,297.5384110073631,0
3,92.0595792156364,0
5,110.55906335715214,0
7,174.93908498047693,0
5,452.71534276709303,0
5,179.08251499672545,0
6,190.2573645591545,0
3,249.46815438463346,0
5,278.15431222507794,0
4,213.58280931638046,0
3,293.1477996032205,0
7,104.4823053579264,0
4,138.712926020582,0
7,292.9989560463712,0
6,200.87544918267793,0
4,99.00395159930682,0
4,94.19696547062341,0
3,135.12473557242362,0
5,200.1700433726333,0
4,237.39036557814308,0
10,173.67520000446885,0
8,230.79993513916153,0
2,165.0346810645108,0
3,297.9136161293534,0
7,404.14720756578845,0
4,168.5909814332461,0
6,238.39462486391565,0
4,231.87286593200898,0
5,211.09563410079403,0
5,252.2600756273033,0
9,238.30569511838615,0
4,162.31571436920842,0
1,305.323661809815,0
4,216.13329979894206,0
6,169.21596641357092,0
3,395.4562019077921,0
4,190.702929827552,0
10,220.39550731389994,0
9,214.03522756642693,0
6,189.60843112390336,0
7,235.89317640352124,0
0,132.40000727267,0
6,247.7234709218446,0
2,59.33167772860563,0
3,96.15441989942967,0
13,346.0579637734812,0
5,99.50559786225709,0
2,43.203291837051154,0
6,101.48670647470499,0
6,339.2045815357387,0
4,56.651060778182796,0
8,123.53486539267594,0
10,83.34460125464105,0
9,178.0696642327993,0
4,165.11832814554108,0
3,161.53947946183732,0
6,348.4907039524109,0
7,104.07397458899615,0
5,191.82497762263114,0
4,227.08809970565875,0
6,121.58325903422849,0
5,238.9271984997282,0
5,168.01516043573537,0
1,229.94472529518848,0
6,191.36005987794775,0
4,35.95750195469566,0
4,304.4878970212593,0
2,365.63666522832574,0
5,185.85966544521492,0
4,128.16383585067166,0
9,320.481017694055,0
4,351.2306322293977,0
0,186.4963670728002,0
11,182.50555078235882,0
8,193.60711218628006,0
7,66.0360888603756,0
6,176.70992970454176,0
3,337.1953510039396,0
5,186.50490713835518,0
6,116.79723777022359,0
3,239.7348495443584,0
5,146.62409612047102,0
8,194.68383010656584,0
6,98.49209755621766,0
7,117.07006710506147,0
4,259.0127403890874,0
3,209.26934235208702,0
8,137.9154090525747,0
1,209.56281042439224,0
5,151.42826330181927,0
6,137.29918645038646,0
5,293.1227517798645,0
5,262.6302042551017,0
5,198.29817202951241,0
5,211.54698697997628,0
6,199.32815861325253,0
5,238.9607407338831,0
5,136.03986732354446,0
8,269.00037866949145,0
3,228.28526703126502,0
5,178.95549296883587,0
3,160.97775747931667,0
3,267.2904753413447,0
7,187.9610947079915,0
4,144.088552333613,0
4,169.2344186420541,0
2,261.5363719111328,0
6,71.15574390031679,0
3,171.5672875535622,0
7,285.6466135740611,0
7,186.54265823173935,0
8,221.8253385822273,0
6,286.9415171629756,0
7,271.3863722717736,0
4,164.79529815680624,0
7,189.56851582369308,0
2,272.3811121383211,0
5,275.15755898271186,0
3,192.9559899748047,0
7,195.71634781660586,0
5,221.41469556270812,0
7,309.35205520138345,0
9,285.4052896526365,0
6,255.47093630392146,0
5,113.70645791488867,0
7,178.01332747613944,0
1,182.21706610480777,0
3,313.4788026082778,0
3,180.89084870562897,0
11,300.27542584620903,0
4,154.34410635751325,0
2,160.72928338713928,0
5,238.51632846505126,0
7,325.45173644574055,0
2,183.05782965856983,0
5,-5.021428948895846,0
2,74.86532781288903,0
1,223.83692449315652,0
6,82.01631785745855,0
4,130.754973888287,0
7,200.98735605106054,0
7,4.050620340283103,0
6,169.62193685396363,0
6,106.81531537117847,0
6,80.06562256793997,0
7,135.82524486255517,0
4,114.4632859944455,0
9,237.55841743938424,0
4,295.7221429346307,0
6,170.84585187111497,0
7,152.30993767625313,0
4,166.8635999073681,0
6,111.345031364923,0
2,96.90064835042575,0
6,68.35564376853301,0
4,93.63832333454612,0
3,330.5592805690103,0
3,144.76631717092334,0
5,-35.33027774110104,0
3,153.03544492151946,0
4,72.76683705913428,0
3,204.75879519977303,0
6,196.13170758103962,0
9,204.47085101536436,0
5,196.74191370038523,0
6,170.18317563042007,0
4,83.5283102768011,0
3,194.02767424228608,0
9,281.5139671308555,0
3,345.09384670361635,0
9,180.9606938155195,0
4,189.63120437730518,0
8,240.03417432711146,0
3,319.45932475776834,0
3,161.09627115963622,0
5,255.412105356027,0
8,134.1744587580489,0
3,226.38791922124022,0
4,277.6483341294696,0
8,96.73115147617628,0
3,157.98842223854257,0
3,276.38264773560013,0
2,249.29289844118358,0
7,282.8756912251884,0
2,267.8751717163253,0
6,172.71171776666355,0
5,375.9352118715753,0
6,210.95279926027158,0
2,-44.45671593153605,0
10,177.41229020981604,0
3,162.46629944005372,0
6,263.61993338938225,0
5,163.90517478414955,0
7,287.917599665531,0
6,244.64794979253662,0
7,119.99276308239517,0
4,188.77013315108601,0
7,137.95732445796796,0
2,214.78069174829358,0
6,137.48073062119033,0
7,205.95481844072495,0
5,178.2155399207671,0
4,187.82213962561408,0
5,364.07523038384795,0
2,171.16118186342362,0
8,45.24535299062478,0
5,281.2660915787478,0
6,280.6364721441606,0
5,41.68478609625393,0
6,143.9280303033546,0
8,234.86484454772184,0
7,241.93626089736534,0
0,199.62209892378235,0
4,201.42603031466277,0
7,124.91297015334524,0
7,8.012102923545058,0
2,363.9605854546829,0
3,122.50661778346286,0
9,214.12045520515858,0
7,187.29216034725312,0
8,271.7758041818837,0
4,209.19177707857267,0
2,212.27527624735998,0
6,-10.745459840714346,0
2,133.33287419661974,0
4,259.5706437279198,0
9,252.37345800575434,0
4,123.86777411062307,0
3,73.75771338231024,0
4,210.12634453783443,0
2,-32.54192390366518,0
7,108.10605981297898,0
7,340.8128860124248,0
2,315.6053863099015,0
4,238.9799487012116,0
4,224.5869051585005,0
5,43.986337238048094,0
6,140.74662106807068,0
6,176.38651216273792,0
8,142.4469000399049,0
4,171.98053320737085,0
1,303.93795394770353,0
4,156.6541550982942,0
6,172.72486555545876,0
3,259.1625029347001,0
4,86.44194251177574,0
1,132.78363369289227,0
7,140.98219297945258,0
2,204.4473717241398,0
9,172.40303460050677,0
6,174.93272725222928,0
5,146.8116810318004,0
10,114.33357918281962,0
7,248.7314339368462,0
5,172.97567048301966,0
4,249.52151841178986,0
11,111.0698135615082,0
4,146.7806273800286,0
3,182.3053577722587,0
1,189.77063705470314,0
7,260.3494980745768,0
5,165.5592568326113,0
7,259.73937942487004,0
5,229.99552068477556,0
2,191.45179119336407,0
5,123.89609628027843,0
9,260.5500212370656,0
11,125.89300261490794,0
6,198.29756958741768,0
6,195.68476456511362,0
3,183.4323885906174,0
8,168.85442216117485,0
3,134.23386440306632,0
8,70.64508501039373,0
7,312.3043786272282,0
6,160.66212285942007,0
6,189.75103239060246,0
3,189.26180928528476,0
7,287.64834697829986,0
4,354.6555377214112,0
4,212.78779356709492,0
10,187.4397865234466,0
6,110.123439427247,0
2,84.51292404697881,0
4,58.08200562847193,0
3,136.33240323812254,0
9,32.731616214950805,0
6,286.3063962992089,0
3,233.84769951947396,0
7,179.86875882521758,0
5,288.7507184608632,0
7,114.307513807738,0
7,134.4015155708356,0
2,45.29653757586041,0
7,261.94829560161696,0
3,135.17269709525812,0
7,201.25564906206588,0
5,280.20611204597424,0
8,309.6680604399537,0
3,197.66829188075437,0
7,230.7389949017085,0
4,127.69198031650714,0
3,334.6698674406027,0
3,186.70795517605072,0
2,206.42279614944962,0
9,167.45175421894191,0
10,295.9399198731005,0
7,215.96751384665515,0
7,260.87476619308995,0
4,228.31665119831055,0
4,182.36724934271962,0
5,274.35748490396736,0
3,227.6252955660305,0
7,123.1216751322213,0
4,120.86308929524958,0
4,211.90613832253072,0
4,272.5966321910102,0
8,331.1536438805123,0
5,57.822923393535774,0
3,202.05278792789767,0
11,239.17181297399972,0
7,223.65353079958106,0
5,280.74616840269675,0
6,252.44271811932018,0
2,121.1599853135728,0
1,118.81666490474151,0
3,224.99638849213795,0
5,279.24043395380204,0
7,211.47340423621563,0
3,73.76535443453774,0
4,116.22628677469818,0
2,255.32126846922645,0
5,172.1083927266294,0
2,209.43658425626305,0
5,285.2334431321406,0
7,103.82327619040356,0
3,166.86058752784368,0
6,158.1701749300845,0
3,228.43220292222935,0
10,261.8310542617594,0
5,81.57860344809747,0
3,199.55709126669845,0
7,269.5463283236969,0
3,51.617083883133176,0
5,194.84860468483143,0
4,102.73724473734177,0
7,148.67464771603738,0
4,-0.4027671585217547,0
4,311.41872950040215,0
3,171.53366980771898,0
6,135.42465087712685,0
10,226.261363636572,0
3,116.61518138502005,0
5,109.02043768949648,0
4,320.82633358509815,0
5,344.6930422661439,0
2,152.63490621740144,0
3,285.38837679329436,0
4,228.4832355190469,0
6,86.89349666317204,0
7,125.74944849201721,0
4,324.08798393575483,0
7,85.85639737406586,0
4,382.4799470459887,0
5,154.29102592705766,0
6,326.46519250345864,0
9,175.55489642857304,0
3,263.9922873200921,0
9,311.6026512096551,0
6,311.1963054144808,0
2,153.2507575365624,0
9,131.4089520080699,0
4,193.5030392199092,0
5,95.96163031728175,0
5,219.1411340488447,0
4,134.33626781779878,0
3,286.61678188343325,0
5,154.39100670254894,0
4,60.619282441598386,0
3,312.07318209354366,0
5,214.6694402665491,0
6,202.33079123360588,0
9,287.55158279569673,0
3,269.7261201838526,0
5,139.05171647916598,0
7,164.01747151790715,0
5,110.96357999525296,0
2,82.84383559001478,0
5,246.28740279323114,0
7,231.37474480333452,0
8,260.86633692180135,0
2,302.5284353196754,0
3,261.9579835940538,0
6,269.07675810442066,0
3,33.76309934622901,0
6,175.44118064600048,0
10,277.16611957359896,0
2,106.54330110358268,0
6,207.33371062702108,0
5,241.5571552490805,0
3,235.42827950707894,0
4,229.503704636664,0
5,247.91301752364603,0
5,214.45951159425755,0
9,82.96574340871894,0
6,240.55644283227946,0
4,222.77972484429952,0
3,84.02012393156372,0
4,310.3788168869257,0
2,242.70701597984322,0
5,89.57213432180332,0
4,134.621986882228,0
2,154.87583666030562,0
5,154.81892489594813,0
11,223.44401510547536,0
4,121.89185991533905,0
6,290.2509397697548,0
2,283.6642761094393,0
4,249.54538476796716,0
9,203.53934203150808,0
2,274.99580121212296,0
5,177.92418217567928,0
4,142.04089108934326,0
5,295.20877164957926,0
3,225.40342056152076,0
4,145.27538875348867,0
5,166.58061063667367,0
7,141.08576129877858,0
6,361.7739887062884,0
5,200.32787499604197,0
7,212.62170490029348,0
5,257.69752382895524,0
9,102.77112139143954,0
5,287.72378130289786,0
5,151.37230953697176,0
8,346.40130288921193,0
4,174.98730159883254,0
2,283.01120118105484,0
5,0.2561506304730301,0
3,105.98935391312237,0
2,176.5114272801899,0
5,37.53736015000871,0
8,248.07075590731233,0
3,225.0366500348999,0
4,120.73378801120982,0
11,198.72330961084012,0
4,264.51817839385,0
7,31.756038650402104,0
1,98.12087870122745,0
3,173.19293606213245,0
2,201.89789013059806,0
6,195.31108627187652,0
3,271.14358283485683,0
5,238.17689965243176,0
8,255.73078724568475,0
8,88.8099413756508,0
2,211.58590838395043,0
6,175.42859926096452,0
7,316.96575053350136,0
3,213.95165099023197,0
4,146.4756852227177,0
8,268.2001020764032,0
6,245.06382366917182,0
5,134.27186618876163,0
2,172.120823778466,0
6,173.4842832313311,0
5,298.196887382363,0
8,216.25934991027535,0
3,258.14259828481374,0
5,160.53826230959336,0
4,226.7840232911553,0
7,304.2688722343726,0
9,171.1138587799482,0
6,209.2123843070221,0
13,90.93549950099143,0
3,138.7553528071978,0
7,173.24456864017415,0
5,115.13285528386233,0
6,305.7578942017477,0
11,132.959438380679,0
7,262.94388736937964,0
4,214.94689900251814,0
8,202.46815588083703,0
6,318.8930915972126,0
4,19.151976245793634,0
4,184.3036082541516,0
7,113.56957307476463,0
8,43.086367269357,0
3,104.42146129938467,0
8,201.37900280024567,0
6,141.97222966348437,0
8,271.7290871860119,0
3,182.89233216469356,0
3,174.02093162232455,0
7,174.3775239595126,0
6,192.12044750963688,0
6,166.52171720457977,0
4,131.89970419486696,0
3,279.13479071808285,0
7,150.07239596888434,0
7,169.31787069230512,0
7,234.35240640722486,0
5,225.49929969258022,0
4,128.524955012316,0
4,260.39855552885973,0
7,243.01362718707236,0
5,214.23798673498032,0
4,165.49465195348066,0
3,167.46154475828732,0
3,183.85623175987126,0
3,101.45344470977874,0
6,196.8585241122435,0
5,271.36816323575994,0
5,270.10969518672186,0
4,169.53185829788376,0
8,285.1266618180429,0
7,352.4723643623556,0
4,174.7033971789738,0
3,255.32117651457347,0
4,18.975202984736626,0
7,99.34826174544071,0
9,207.28968234668162,0
8,119.46135499852895,0
3,363.13616357779586,0
5,247.83037498372425,0
6,277.26653174865044,0
7,197.67788750715303,0
6,119.74335841090783,0
5,158.49517742600955,0
8,220.35043837010878,0
7,148.96677292727912,0
4,253.695359338176,0
6,256.91319753637106,0
9,200.39850431516706,0
6,53.94919303864003,0
5,337.1827946932767,0
4,182.98617146483858,0
3,416.7421318776829,0
0,252.2028557081756,0
6,183.20359386143545,0
3,235.82575011984034,0
4,38.45715863371106,0
4,282.0913922588773,0
8,405.3552990023581,0
3,32.86132209252969,0
4,177.00727921394338,0
2,191.5729501766779,0
5,270.0182903330451,0
7,368.4780539332429,0
9,230.63056980764517,0
8,371.3433459372422,0
10,213.634598150773,0
6,236.1139055036984,0
14,226.25884529282038,0
3,297.6239826404069,0
6,166.21431535118373,0
8,265.46294070092074,0
4,101.53627149948584,0
6,177.23967162788728,0
8,149.06051016489533,0
9,207.03692468943538,0
6,174.71362004769748,0
9,290.570695396558,0
1,129.70655238626858,0
6,61.49472513511898,0
6,91.41729442307542,0
7,279.53344370410554,0
4,122.43541253470224,0
13,231.8275532416567,0
3,176.4169997401536,0
5,265.9395243802604,0
4,181.53874359067117,0
4,421.1478812893709,0
8,351.8493612654804,0
3,174.7831855675446,0
2,163.82923287240112,0
4,450.5860920646769,0
5,113.69192309371283,0
5,195.59811616653207,0
6,201.7959135764342,0
7,199.81296817483405,0
6,60.90306235755787,0
4,239.72819277407524,0
10,122.37199268861464,0
7,314.8791299335257,0
5,83.52279660523025,0
2,204.7572741900381,0
5,22.710348243848955,0
4,27.649303492742092,0
3,132.85184333658938,0
2,144.14319341303775,0
2,317.2581130391548,0
6,196.75265309904813,0
12,303.39255207292433,0
7,169.61707242586584,0
1,248.48681463042652,0
8,141.96197464648793,0
4,136.5221544721119,0
3,54.33198888656844,0
10,226.86031950810198,0
2,220.96667317601197,0
7,262.18503098286817,0
3,217.19346297131162,0
5,362.0956781755174,0
5,214.0822109342008,0
9,279.34613714704966,0
2,174.07127336007179,0
7,127.32239725588889,0
5,257.4156136149309,0
6,192.86816097437273,0
4,266.56344367436964,0
5,228.23492334757447,0
6,136.55893385678752,0
10,285.9470302141623,0
7,130.3048036972266,0
2,250.02610106364037,0
7,302.52888892206823,0
5,169.2324129267874,0
9,292.4795562937852,0
4,231.8093467242554,0
7,268.15550227170104,0
3,133.0595447117931,0
7,217.1440185642998,0
6,87.35349519803972,0
3,336.9040412248371,0
5,38.880134273239435,0
4,171.619854429692,0
7,125.46331246403022,0
6,253.97603321617902,0
3,353.91567567439347,0
3,252.39320789500204,0
2,436.9026957561081,0
6,89.7647858752928,0
5,95.90526939771478,0
6,128.55086147076798,0
5,209.69957562367247,0
6,117.84620997734001,0
3,139.86697965559796,0
5,249.63868191418305,0
8,100.86624935089458,0
6,109.34431896239187,0
4,168.11689976079424,0
4,175.6445543328543,0
2,280.80125737770527,0
6,127.94882016175036,0
10,142.3776012703282,0
5,246.5336093023205,0
3,264.11154590267057,0
7,314.29795737012705,0
6,237.52962838918035,0
5,210.42912479694613,0
6,246.00307253969234,0
1,178.6069755289162,0
5,178.01859244996172,0
4,58.071175017699716,0
9,271.47327653514674,0
9,216.91671560413977,0
6,262.16314130946444,0
9,-25.264839558183525,0
7,196.23186336851631,0
2,131.5294794897894,0
3,320.10900038561863,0
4,249.13735323870634,0
5,218.73883286484482,0
8,165.44536245271806,0
4,231.77666481053174,0
4,125.74514964975164,0
4,192.02197218513874,0
3,153.7309290410064,0
2,381.31917239853533,0
5,317.5958204952672,0
9,285.0437987186265,0
6,80.77511822766738,0
3,269.13256898272425,0
4,215.013334011355,0
3,297.87681116129164,0
4,225.79160761015515,0
3,199.4625867169357,0
5,218.7027437069247,0
6,55.549336670196425,0
8,138.6077382265762,0
2,229.86684309626176,0
6,291.1510686725266,0
4,155.96055069503052,0
5,196.7354496108853,0
5,71.92060442596878,0
7,316.7448650683008,0
7,289.0993385786497,0
6,252.16820948537588,0
5,232.54449501047122,0
2,324.2039252117438,0
0,135.59912069482263,0
4,126.94707549386732,0
4,284.9215829005143,0
2,279.54507053665,0
5,104.52035311286784,0
8,157.4912094738507,0
5,335.12745048619115,0
7,232.9333862572723,0
7,262.97292144145376,0
6,107.27627659765147,0
6,252.53156196297425,0
5,86.43667633832959,0
5,41.61429075194519,0
4,258.14591681446944,0
10,314.7556135707591,0
2,179.69711394006657,0
8,156.27594545164334,0
2,336.8678924997096,0
4,184.4173304708314,0
7,194.73850211541924,0
3,335.5165781152268,0
6,171.7132149577432,0
10,147.6777912524107,0
5,265.240657930967,0
4,143.05150764967073,0
4,188.43187695022544,0
7,94.46731186302407,0
4,214.83176707012103,0
1,205.44779897624744,0
4,277.4416219778515,0
2,268.5805229329385,0
12,244.12144067756657,0
4,231.54045542248102,0
7,194.1396708998127,0
8,248.76447751966424,0
6,111.01342610648103,0
8,12.082714251655261,0
4,292.95341369703146,0
1,253.9328369798331,0
3,189.8410852576068,0
4,285.9646886756789,0
4,141.4802066442778,0
5,143.56059743334797,0
6,132.4689821044666,0
7,245.40975800927077,0
7,73.36335382281976,0
2,138.6430714574367,0
6,223.17720185889084,0
6,103.66791392619112,0
4,147.17516754710516,0
6,23.074593830834885,0
8,248.464531952123,0
6,144.9731845326177,0
2,112.05749998870766,0
3,96.39818192331398,0
9,166.54291902359202,0
6,73.58755304868482,0
8,355.3903741718934,0
3,9.220430626481146,0
5,163.9504680170808,0
9,208.5525543433004,0
5,137.96967966907565,0
2,216.97053898344925,0
7,136.0318740043071,0
2,322.4075570938519,0
2,110.48983887121786,0
6,11.902084692134451,0
5,96.12001196373427,0
7,230.91958198509698,0
6,190.56604963609084,0
5,260.1706326385693,0
7,240.13956933687732,0
5,149.0975720219837,0
5,160.87332049635626,0
9,169.1736979477419,0
7,350.7476866797322,0
3,255.26578517498956,0
7,351.3349519342804,0
6,267.2623497873451,0
7,194.9133284062759,0
3,118.45108104114681,0
4,216.1215736918995,0
7,195.13046622270156,0
8,192.5082171729429,0
5,183.27207384806002,0
5,35.802983393902224,0
5,300.86718532277246,0
4,195.96372086261462,0
5,86.85975071770866,0
5,238.5410167258916,0
3,131.53310651147774,0
3,244.97124983766264,0
3,270.53251684099683,0
3,281.5709192535454,0
6,187.12666186761436,0
6,166.89778175851862,0
6,149.95693117882638,0
5,142.19551292316027,0
3,198.62159486312663,0
6,183.25255500866083,0
6,133.97569473422675,0
5,108.49721969576763,0
4,191.2995126193134,0
5,165.26419056449356,0
6,108.69064213745075,0
4,266.4456810737126,0
4,341.7674200660199,0
4,277.007057118738,0
6,142.38495906591646,0
4,195.98162523280507,0
3,323.23431613499685,0
4,106.10402857780056,0
6,262.60761013481806,0
4,84.15334334848082,0
3,334.7230101945063,0
6,165.57483801992083,0
6,378.323497961905,0
3,338.2451038913464,0
3,191.48555923348897,0
2,142.44757015116716,0
3,215.5820377512731,0
5,185.5872826682749,0
7,167.87464291315257,0
3,67.35093963373623,0
3,158.83571330763306,0
6,111.16167025950082,0
7,244.1318165140189,0
3,279.28570532779395,0
6,259.25472031388773,0
8,227.3900071702006,0
3,131.76743462872787,0
3,216.4320618081528,0
5,263.4212114915501,0
5,153.1011540480216,0
7,209.5189137116005,0
9,188.36307285840616,0
4,332.9893335688388,0
6,268.12385082116197,0
6,248.7327689398713,0
5,62.6645012827652,0
6,213.82698614140668,0
10,187.5989256860344,0
4,186.90743115441018,0
3,74.92692218066877,0
8,112.97851021619444,0
6,194.5586009675374,0
7,289.1484622552369,0
5,152.75803441284614,0
6,168.0049018316586,0
2,342.48735962289663,0
4,176.2542088665731,0
4,189.69683809171354,0
5,190.78041743586073,0
6,92.35958828763916,0
6,245.7438498732092,0
3,147.7699105132529,0
6,197.59435063682093,0
3,235.5498371534238,0
7,355.4046071228314,0
3,94.57839643630054,0
6,269.1985748052979,0
9,269.4978604939174,0
3,148.94281817765813,0
5,247.96030784415854,0
7,331.47489210335135,0
2,138.80230326300463,0
4,219.3175837708124,0
4,232.3841091151828,0
12,242.734308396284,0
3,261.543340857281,0
4,213.30438626017394,0
7,241.0748949078402,0
6,127.08210799010214,0
9,213.1202794911646,0
6,161.89269874555885,0
3,101.61368758767298,0
3,159.26843604504796,0
1,221.55651137584465,0
4,234.86378210961544,0
4,98.5232703261783,0
2,124.98586266201033,0
2,257.9725023754577,0
8,240.65184740926907,0
8,270.9682129637082,0
6,309.42643417412484,0
7,243.03096876724788,0
1,166.81538982633023,0
6,209.18795664655335,0
5,332.7917680741906,0
7,421.1559198228309,0
11,237.04770925938874,0
1,242.84433110490454,0
5,258.0566693597933,0
5,201.90342766554903,0
5,293.1083121874099,0
3,280.64362341862807,0
4,228.3501157719053,0
6,174.55840751955077,0
7,78.34428900982905,0
7,258.59308380914,0
2,217.02866521808832,0
5,140.97858154767192,0
8,109.60637880042982,0
6,252.91462795066013,0
8,71.9010942706428,0
4,223.9712949955044,0
4,267.4840327335115,0
3,243.99143091332988,0
2,168.74081805132477,0
4,100.05004124200687,0
5,246.9615391836152,0
5,296.04184735627365,0
3,154.18133162055673,0
4,240.55265602342874,0
3,326.52120949854475,0
9,227.1077677153288,0
2,168.249588409777,0
7,283.2682832050526,0
5,140.995122067375,0
6,96.14463879575815,0
5,264.9856952916784,0
11,167.50701892131494,0
3,174.67831887970524,0
3,149.8447491559143,0
5,162.17460835567329,0
5,312.24267420214926,0
3,332.99990126269336,0
6,343.5982908915687,0
5,287.209649694201,0
6,237.301700781859,0
2,85.41715264535094,0
5,184.99802376797203,0
6,372.540359089895,0
2,165.15027369978768,0
8,321.131557981782,0
5,204.4028655224436,0
5,-14.25139086825169,0
12,251.23884509351703,0
4,301.3003756942649,0
7,196.08032250875644,0
5,298.6440803588331,0
3,66.57379884663303,0
8,89.15485888805044,0
3,216.38914464685502,0
3,238.16917822540253,0
6,308.52630948738226,0
4,251.11395733988485,0
7,104.50967285079656,0
5,217.04364976595087,0
4,248.05819562305192,0
3,50.06128010422967,0
3,196.50932242095877,0
6,173.15339648494202,0
4,147.6245541003404,0
3,239.90216414021378,0
7,108.0254778753661,0
2,233.35036096029197,0
7,244.75929033671156,0
3,286.7010648208779,0
6,110.12645897659162,0
5,79.58126253163621,0
4,222.31228858712095,0
3,177.09830129058386,0
4,432.21202099949767,0
6,236.67987809943457,0
6,204.65293693633453,0
3,186.17376354588677,0
3,102.55505236484409,0
4,245.11052423636778,0
7,193.66839789833617,0
5,193.7349053256452,0
6,207.55546603989242,0
4,217.69700239337965,0
2,60.85954832659826,0
4,266.9618405096745,0
6,132.2844500147262,0
6,188.9574242025098,0
7,302.8723936532231,0
6,342.35588738160914,0
2,63.96044490988868,0
6,202.4195862139719,0
5,221.8330548132829,0
3,79.39759790468429,0
6,264.2073091534532,0
6,209.30101419313382,0
11,215.5327676555997,0
5,126.59576653264521,0
7,233.03093147050788,0
5,267.057916511195,0
4,210.1838306980747,0
1,158.88512792295572,0
7,165.11445455629087,0
5,217.63165657007724,0
4,203.90379027045034,0
6,272.3857695295516,0
1,161.57933699806674,0
3,102.529551780734,0
5,228.75088618564024,0
8,161.79761176010373,0
5,262.69455592290933,0
2,200.60309043660806,0
11,252.3850563491858,0
8,118.85463626153697,0
3,211.4709010583857,0
7,144.05894340928668,0
5,102.37010775390239,0
3,131.1113697543188,0
10,156.4418326579313,0
6,299.5755621619081,0
7,154.32476804058723,0
2,98.27677997774215,0
4,210.5181937997335,0
8,202.33445285421396,0
6,160.63575903918417,0
4,187.10212273230988,0
7,278.0981668797257,0
5,253.65646123193414,0
5,246.7384165498985,0
4,105.30569723838157,0
7,430.92384493722585,0
7,284.10017682193774,0
5,241.36228505526975,0
2,106.85505804822324,0
5,275.81840901872863,0
1,159.90971917605376,0
3,184.45833562912276,0
11,65.53765791525737,0
4,100.68135312475926,0
6,235.0837199061708,0
5,280.4987740216392,0
11,254.79235358360282,0
5,252.0655197394359,0
7,194.81868344322345,0
6,167.46343877070302,0
6,223.1116114852315,0
7,265.7126658480219,0
6,200.3889803946873,0
5,296.8201615930724,0
2,182.79445889471938,0
3,121.57768517631591,0
2,199.17102063671993,0
4,208.47778226076548,0
6,193.43759461788724,0
2,302.4524448705809,0
6,264.4241584579231,0
6,85.52472091026323,0
7,322.74936113586284,0
5,-19.313364866333814,0
2,372.08194982819975,0
2,177.0155589154499,0
7,184.83458106787998,0
3,195.1987008821088,0
8,230.81643462721445,0
3,199.97894389865255,0
3,189.3283848930186,0
6,304.71346474849486,0
6,245.247686380068,0
4,123.2956916503391,0
5,259.25391314685794,0
7,241.92856025466713,0
5,156.3781019535025,0
5,263.3710741089729,0
5,187.39419190215682,0
4,182.26612222999194,0
6,180.08695060536525,0
2,5.750555443808054,0
4,157.86405336523188,0
5,257.0538593700481,0
7,198.20710056769897,0
3,97.18508561154003,0
9,277.170500415363,0
2,176.11198723652836,0
3,102.27396074707815,0
6,376.48099693368124,0
5,115.74619244097954,0
7,270.3593209028568,0
2,138.45487193163166,0
8,210.86614676590574,0
7,127.82552293054594,0
2,100.8556654981073,0
6,241.77620357371273,0
3,232.42324361075205,0
4,291.5719555375251,0
5,197.24944557633097,0
4,377.62814353011936,0
6,221.46773339496286,0
5,245.34197449897698,0
6,91.32566039142174,0
3,150.87325479019754,0
4,241.57437604127819,0
3,193.26177900691337,0
4,215.01465080277086,0
4,134.6804995428645,0
5,209.7557578777297,0
4,209.48367132733887,0
6,105.56519840918088,0
5,251.40398757444726,0
7,63.994804246562495,0
5,214.7390464478147,0
5,341.24741550604006,0
6,254.44404302552658,0
3,253.94393968296833,0
7,128.2058660041052,0
6,341.52496425222887,0
7,310.1374475681831,0
7,132.5127981683546,0
5,162.01894065480985,0
5,300.372483594135,0
5,343.6917902653406,0
7,98.82511719277694,0
3,119.70313842203387,0
6,188.49705948622645,0
6,26.3124776445988,0
3,201.52361281675385,0
8,294.85948112239873,0
7,84.90903870114005,0
3,210.16855719800697,0
4,153.45834360037495,0
2,331.1956759003134,0
4,154.4166510293559,0
3,321.5194470198867,0
5,152.20359433510183,0
6,261.6940644267304,0
6,220.1556494690159,0
4,188.93818667885589,0
4,136.75771447568195,0
5,225.84763370543146,0
8,164.75717900120705,0
5,144.81870201534895,0
8,317.81781931005764,0
2,243.80241819945817,0
7,251.49111615257624,0
11,168.672118511019,0
4,185.12173223333562,0
6,180.11386661191108,0
3,226.97911300007817,0
3,251.34427614740048,0
1,197.57989037507426,0
3,136.58840046554872,0
6,260.8456365621239,0
3,202.6723094566669,0
2,84.73308969832154,0
6,29.17641999362496,0
4,223.83177403683788,0
3,133.6420960897837,0
6,234.4849703517162,0
2,137.95053529088526,0
3,210.65486179960058,0
10,169.72787776303267,0
7,340.15366482186437,0
4,276.02525262549153,0
1,307.7837520150264,0
3,201.92382152952527,0
7,265.7888751291905,0
7,207.33200620809134,0
3,317.5673093946981,0
7,194.19503477949812,0
2,88.2008527711365,0
5,40.110277979684895,0
2,333.4648895651612,0
4,238.28035793206874,0
5,243.54054800333932,0
3,319.17182738332656,0
4,67.86120450192357,0
5,171.31190278145536,0
2,181.11441363079732,0
5,259.3820186565612,0
6,144.58878199192938,0
2,103.89010051881681,0
5,103.17210792023144,0
5,291.95344610176164,0
7,140.5974324957506,0
8,155.83860125425508,0
7,250.75985205823238,0
4,144.084367341208,0
7,63.60412617954867,0
6,73.46390610200808,0
7,195.45540826276334,0
5,239.7862744292177,0
5,183.8203804919664,0
5,234.43541630472552,0
7,70.97299791938914,0
5,76.37571672255135,0
2,380.3148733035393,0
4,298.6227417709344,0
7,261.51775135188143,0
7,147.22202634124488,0
6,180.95950474156393,0
3,199.86581462931198,0
1,305.1476890973219,0
4,232.22262131560734,0
9,242.07310410302412,0
5,186.58760519060002,0
4,263.41320534720677,0
4,224.18581979450187,0
7,203.52181861965443,0
4,140.5532662250983,0
6,190.9142606318694,0
2,113.63738369760355,0
7,196.7888795210436,0
3,207.11290863719194,0
3,7.638529231494886,0
6,181.5728368719597,0
4,105.9295836316326,0
7,239.89114604133556,0
6,250.97277948407958,0
8,165.8928145867746,0
3,243.92176696975326,0
5,247.28535490680488,0
6,181.62273284705856,0
3,322.74295802429265,0
4,141.99400503947987,0
8,317.7092562602533,0
4,181.98404566534356,0
4,132.53389174192262,0
4,171.87612193564942,0
4,112.04886178165413,0
8,262.7646293911362,0
7,71.7784817539779,0
7,311.1686843015061,0
5,125.13062386028318,0
7,266.93226974767634,0
4,201.93806888483743,0
7,221.6652226439677,0
2,152.79653029781088,0
2,228.22464002665058,0
5,210.79794308406912,0
5,83.36711454645379,0
8,122.99999976533937,0
6,156.7270311192155,0
5,139.60027854988402,0
8,300.2248756306921,0
5,200.56113470779994,0
7,137.70629218880944,0
4,160.73841407975684,0
7,159.64295331623467,0
6,176.95604223959475,0
5,113.97364762243203,0
3,134.8855111522145,0
5,261.3285528931368,0
5,214.82744826935308,0
4,187.81299627678396,0
1,200.20982538520798,0
6,196.35513947396714,0
6,183.2695116214685,0
7,241.36838709659833,0
8,235.45279886783408,0
7,74.25896214182276,0
1,189.47502512726055,0
5,79.53444805273878,0
4,250.8461762764565,0
8,261.4133245480227,0
3,151.1376881886643,0
1,190.65928357322272,0
2,31.084776230220314,0
3,277.82318512736214,0
7,256.7738992201122,0
4,292.00682093900207,0
7,318.92353122696795,0
11,102.07125656185798,0
3,271.0435361310753,0
7,318.3443555534768,0
5,80.43377031766111,0
9,186.30310305234292,0
5,170.92784134164606,0
7,268.4369491353199,0
4,8.484714692473602,0
3,345.27661569857554,0
5,190.99703486443252,0
4,273.28755216137165,0
8,195.18102098467273,0
4,239.3700040783739,0
3,14.286539310708008,0
5,169.2094101759432,0
2,267.8208969074943,0
6,223.09858773709556,0
6,69.0527125818594,0
3,204.91399151012905,0
4,134.5006139310796,0
5,127.56645990612496,0
7,78.34445813466259,0
6,249.4962097525704,0
3,289.0411555148508,0
6,369.6114507330276,0
3,82.07612866056573,0
6,261.38977289811805,0
2,266.65370963367263,0
3,153.55962582255933,0
4,126.59372916725354,0
11,113.14061432264558,0
5,157.81174052318278,0
4,216.20972766847598,0
3,308.808960840545,0
2,288.42706704080933,0
7,70.76664445850699,0
4,136.89254011195905,0
1,303.9712299447576,0
0,141.51257339239456,0
6,195.4468669271859,0
5,63.57688523087316,0
5,292.24267324103585,0
9,46.980143531888956,0
1,68.57515353707046,0
2,284.06536486693625,0
5,353.60493436532454,0
4,176.7511132220068,0
5,196.250975050974,0
8,272.6623647826391,0
7,223.1558251757906,0
5,170.14254564986686,0
6,161.16371028914457,0
4,74.65616340120133,0
4,218.6353417696176,0
5,192.6466542344419,0
5,164.97230567098555,0
3,119.85481635500891,0
6,127.95753173652555,0
8,249.47015364053598,0
3,270.5330918727238,0
6,173.83070749675065,0
3,165.40163414028967,0
8,131.70815627086373,0
3,274.94560348594064,0
11,202.47966157247257,0
8,229.43207834618119,0
10,228.67761040747703,0
7,175.38387035728505,0
9,106.77119201252628,0
7,120.30934754512646,0
8,290.2308426117961,0
8,141.94525481195427,0
4,167.17101442013197,0
5,109.2487571703032,0
6,102.71467848588745,0
5,138.4668002377022,0
2,335.07257473955667,0
5,252.64299129539432,0
3,157.85689028611017,0
7,286.63014356415965,0
1,187.8160901362843,0
1,308.34720375934705,0
3,376.9384280316971,0
2,282.2529391412953,0
5,207.56407641780618,0
0,255.94478988130876,0
4,201.20569754257696,0
4,53.1201308819966,0
3,147.62996686303646,0
2,123.87267234774262,0
5,145.85671665353019,0
5,343.4937146111555,0
3,289.7719794283727,0
2,235.27078411533176,0
6,264.98743603610865,0
2,48.630921127531536,0
7,258.2546970471624,0
5,275.1699452961734,0
10,20.820224985017376,0
2,261.21894030235194,0
6,86.07410858663317,0
6,42.39957148431745,0
6,306.10545734876627,0
4,119.43607619101263,0
6,142.72426084924982,0
6,279.16836342058764,0
2,175.5809382198079,0
3,185.5867701016734,0
3,183.83304748496565,0
6,227.80790167798284,0
2,181.8932466887459,0
5,209.13008594872804,0
3,159.71534996698352,0
8,228.14556719034897,0
3,225.1074425523654,0
7,351.8308670147346,0
2,169.49992402610383,0
4,185.2667585756016,0
3,219.1059460749633,0
6,277.1548515451776,0
5,112.67318774582391,0
2,208.28612174200543,0
12,-0.6260828844053776,0
1,178.27744666220838,0
4,285.8181624079489,0
6,141.90860509221454,0
4,214.14700922282495,0
7,157.6875540493118,0
5,131.24782418130536,0
4,277.71887986144816,0
7,116.3793048123477,0
7,223.43722350904744,0
2,224.6681296612927,0
5,131.8560386369101,0
3,212.4548205566103,0
4,125.20417300256183,0
5,241.74334999273265,0
7,94.8043428285685,0
6,172.8315597446527,0
3,179.77826722736802,0
6,289.0364270568536,0
3,211.20344573695138,0
4,276.40107920896475,0
5,244.3752838791903,0
4,243.8642400716607,0
5,173.44534478159457,0
4,281.67247068199094,0
9,171.5063672558398,0
6,61.613961605591385,0
1,182.81702652264858,0
5,236.27811237152545,0
7,71.46994250297493,0
2,129.19181130236913,0
4,101.55292478581154,0
4,262.9373683767171,0
2,333.82901096099965,0
4,183.2240676629427,0
6,242.52242904546074,0
3,240.44154927197786,0
4,324.3037557151969,0
2,147.79576768379144,0
6,182.40968281933405,0
3,172.73850804607534,0
4,206.02937920322103,0
4,400.3453441693447,0
4,202.46488921578506,0
4,131.6231477914352,0
6,107.64022184855048,0
4,300.21160058504375,0
7,131.2596396817537,0
4,253.08695673592763,0
3,145.62469365930974,0
2,98.66458107334624,0
4,248.4159680241457,0
3,149.54041065891747,0
1,234.03405113911148,0
4,239.9426352676835,0
5,243.7012196009975,0
5,178.54810528454507,0
4,254.8946845203766,0
3,126.19629372415338,0
3,3.6727799148692952,0
6,256.55137384960864,0
1,213.2472403869976,0
5,151.19374047888232,0
4,82.3077790419964,0
6,37.073736093172556,0
6,204.13946785671777,0
8,331.9028772583962,0
4,188.91540668552162,0
1,171.09316906467637,0
7,198.05057260033254,0
9,374.3364089527016,0
2,260.15233813225063,0
5,125.31397986396887,0
6,202.24831231216825,0
2,226.59495289239527,0
10,115.49289067369241,0
5,260.73092978740476,0
2,134.5752962284517,0
5,79.12433861279433,0
7,206.09068430718227,0
5,193.42753124077157,0
5,199.91824782378444,0
3,138.828430586977,0
7,149.9909905703167,0
2,290.27573282952886,0
11,235.28684920005986,0
6,123.4603138738172,0
5,43.944248446391384,0
6,126.84668783102319,0
4,212.58392577281523,0
4,149.44546253164467,0
5,143.22798358585433,0
5,152.86716488554697,0
1,194.18339498109697,0
7,262.7702330366679,0
9,199.96646368434457,0
6,204.95496172141205,0
6,182.01117088937437,0
3,160.05145342762088,0
6,271.5392697055944,0
8,259.3921654275357,0
8,363.62239341328404,0
8,248.84514387114024,0
6,160.12685425540295,0
4,127.62789527118483,0
3,276.2356208569293,0
5,134.8010492551912,0
5,264.77893492176565,0
3,139.20688048859088,0
4,227.93267070298245,0
6,115.21990281069102,0
4,262.3908283465665,0
6,101.30626755926008,0
3,221.83658636053613,0
3,184.17280526183904,0
4,208.1445149781008,0
5,168.3356932670693,0
3,166.4592042103207,0
9,212.38249632078174,0
3,119.82892975281186,0
4,119.35823506666587,0
5,171.31604002892706,0
1,168.2023888224794,0
2,119.56828289565004,0
5,273.9371754331732,0
6,173.2421265254716,0
3,181.8670237603111,0
5,93.79773392243628,0
5,365.73086836896954,0
6,394.165391644393,0
1,137.56811372765213,0
6,298.0869104935278,0
5,192.65492930099276,0
7,328.30156742504846,0
2,226.8986469120309,0
2,207.98097350139193,0
3,0.058436830513471705,0
2,129.71152212586534,0
4,201.64165356599543,0
3,215.8933002163183,0
5,102.81330288500924,0
5,141.69827770589768,0
5,244.27576138006555,0
7,89.3431416213314,0
4,210.69837789788315,0
4,299.0362825191244,0
3,230.83757032894565,0
6,226.83893945327816,0
4,38.387884065778906,0
5,134.2469778865683,0
5,364.3361466872832,0
7,152.06704659632544,0
3,301.15809676376546,0
7,151.13272885149738,0
3,177.77435987924295,0
6,241.24694762828148,0
6,208.05544127952078,0
3,230.52099608008638,0
5,134.528779621841,0
4,109.09838484249947,0
7,129.1302708487599,0
6,157.41454868301065,0
4,181.65748943540711,0
3,282.98203045118566,0
4,206.98731648200385,0
3,238.76776820068682,0
10,211.32808100641057,0
4,110.76525971769792,0
1,201.3815620804519,0
3,210.4625688153229,0
4,260.7938577073046,0
4,114.51295442852282,0
4,36.76713078813117,0
5,214.10110521363978,0
5,228.30800012707044,0
7,185.64921549463617,0
5,202.24167205814328,0
11,270.3017902866244,0
4,163.2955538777993,0
3,177.70873262731368,0
4,206.32291556910656,0
0,102.41482566645259,0
6,187.84822199617966,0
7,194.90053461326352,0
1,330.96337714562196,0
5,176.15074738972314,0
6,216.00089919555737,0
4,273.4894084311794,0
3,133.00122197516575,0
3,310.0592309500933,0
3,341.1096185645822,0
4,197.68829698810598,0
6,156.8459150832496,0
3,330.169553951231,0
4,263.65046982145185,0
6,206.5575363731069,0
5,314.14750556925617,0
7,305.67937508394556,0
5,173.09944368334217,0
1,219.898388263932,0
8,246.1433990340765,0
6,202.2984023910281,0
4,88.73035272765756,0
10,124.93923970414029,0
3,91.33897716318182,0
5,239.4339442419203,0
6,105.25181463010045,0
5,215.3934456653944,0
7,346.5523061020126,0
6,314.2216147929717,0
3,53.0066682452817,0
8,97.7038823383195,0
6,137.8786860656113,0
7,106.47810486245058,0
6,67.69484981426132,0
4,199.13277282198075,0
6,256.4080439533251,0
6,276.322723097831,0
4,162.04190634049525,0
3,178.24770397475268,0
6,228.45417960998043,0
2,191.32115505286808,0
7,264.84854208766416,0
6,234.4291890267611,0
2,169.89564611887766,0
6,51.46909506772454,0
3,319.9225284385595,0
5,145.11341684445426,0
6,228.60469165842082,0
3,46.6726665024722,0
6,199.09467332913562,0
7,208.02095686897593,0
4,211.88816580381297,0
3,441.10346261743973,0
9,149.51053009652537,0
7,265.6531381565354,0
6,241.85859617675018,0
11,145.7088805865931,0
1,264.4535522544744,0
7,186.8543250455358,0
7,270.0194574061375,0
4,356.87700987373717,0
4,212.06391125072798,0
2,177.5099816745239,0
6,284.12449470483307,0
5,311.73225327474734,0
6,129.33939684863606,0
9,163.76343283695397,0
6,254.03386174730096,0
6,189.43743916682246,0
7,123.65343896105705,0
6,243.25558623163158,0
8,253.7191772565418,0
2,173.24913952824198,0
5,204.90790122649895,0
10,153.87415448431048,0
3,112.3810059270422,0
6,160.23483146974507,0
6,205.91458801407254,0
7,81.99286228245629,0
3,166.0789654998273,0
10,207.0264104474191,0
4,295.5727928099894,0
5,174.99261161595751,0
1,100.32781199126222,0
4,183.22719898418168,0
4,154.6744556727928,0
6,244.17428440458906,0
2,172.96757389102166,0
5,-16.845329726341674,0
5,495.3299600958244,0
5,211.38906332727439,0
7,207.13532082468632,0
7,76.68720224023744,0
6,82.83445872307105,0
4,192.6440833861574,0
5,226.8937065849312,0
2,256.1691311341402,0
4,218.99501258546084,0
9,105.12462374654925,0
6,-0.3573287264039209,0
4,191.9822120497436,0
8,157.28202635126976,0
5,98.9942620710172,0
8,266.24465792845007,0
3,73.95386006560094,0
3,249.3575071565266,0
3,87.18896199860148,0
5,210.7270948466665,0
8,274.7179457614898,0
9,172.96533475181806,0
7,335.1935867605457,0
4,353.43090604748033,0
6,218.97400000157245,0
7,243.31082964722185,0
2,284.85670930532154,0
3,243.55410979883914,0
2,234.9794574078835,0
4,158.07444777791298,0
5,65.01150598578303,0
6,88.79236694004184,0
4,390.5893887009215,0
0,225.79671662440006,0
6,180.34532148869346,0
4,301.06618072943274,0
3,140.04336217105362,0
5,246.64866139305502,0
6,206.17536268480305,0
4,236.8022000882882,0
5,173.08721045649148,0
4,122.82445541676957,0
4,134.17031414882865,0
4,137.2892638191762,0
1,199.76237501422756,0
6,75.50918556208457,0
5,100.20571079823257,0
4,210.84194380233617,0
6,189.7859964468868,0
5,215.2185227405359,0
1,196.3965172533513,0
3,401.5160165510571,0
6,210.13907471926987,0
5,169.67362804101793,0
2,208.09054282892077,0
6,281.5964034008264,0
6,196.0297288498028,0
4,254.77826869089967,0
5,231.6836771521773,0
2,176.76675385258847,0
9,208.87006391055615,0
4,327.91376913536607,0
2,219.44626360303715,0
1,121.11831806631437,0
5,174.43916582936998,0
2,30.860220021375568,0
8,210.9918965402304,0
6,304.9649875026251,0
4,92.68753854929167,0
3,211.97861876064394,0
8,278.83454446954295,0
0,287.29109065571873,0
4,302.3840937820665,0
2,50.53969349235973,0
7,240.3944763689448,0
2,79.55478519243158,0
4,120.1334290742023,0
5,265.6897807686805,0
7,212.64376974812936,0
1,258.1068859391499,0
5,125.67067161586412,0
6,317.88824881303015,0
2,255.06671470728406,0
3,271.1438495434768,0
1,113.58665791078913,0
7,293.7120992170095,0
3,174.70707386876776,0
6,151.10189838836874,0
4,250.0370832036529,0
4,246.65694198303513,0
9,132.25449217941298,0
11,364.5040808154016,0
8,345.148046111182,0
7,248.40281126494156,0
5,234.43227381853507,0
5,226.3828981008237,0
8,76.00026991850628,0
6,209.02459103371703,0
5,207.96332655165983,0
6,153.91906510092952,0
4,175.25206623987324,0
5,9.496608422762165,0
4,112.2181655900007,0
3,273.7461033205832,0
5,338.49575213114883,0
7,124.52954517633832,0
6,214.62789239807512,0
8,287.8705863517854,0
6,158.38279792841968,0
6,254.09985417876925,0
4,197.29682435358717,0
3,295.2321590740279,0
5,97.40394082651014,0
8,111.63386969858774,0
6,222.3631335154249,0
5,207.69648799203492,0
6,195.4940882805336,0
9,246.06673281635864,0
9,125.5480348353811,0
6,90.44515107028572,0
4,159.99135135770194,0
5,168.9377153041521,0
4,177.30022551536712,0
3,301.52365690831016,0
10,261.63337974393676,0
3,242.6591895324343,0
7,217.75996757034488,0
9,165.26492354275558,0
2,131.68438745732442,0
7,104.22740634463833,0
3,144.43945196234597,0
8,196.56624093112094,0
8,107.60126398538668,0
4,213.56158061892873,0
6,184.4449498211484,0
4,168.21612707654378,0
4,292.92263209693095,0
5,3.150510222181481,0
5,169.30163637720563,0
7,11.805004349641763,0
3,219.08501383435538,0
3,260.9745266559141,0
2,91.91150366289588,0
3,102.15539328868877,0
3,64.13601346316355,0
4,205.0913594170534,0
3,172.7369379036778,0
6,177.70762156867252,0
6,170.56226884112948,0
7,122.11207485056488,0
8,290.54992191168293,0
4,221.78725441053018,0
4,105.22691705779167,0
5,143.95625473339987,0
6,130.23449804260196,0
7,312.4742322778449,0
10,256.8975418146292,0
3,189.88084344619577,0
3,336.5776947963087,0
4,316.16348761593474,0
2,181.5431284686584,0
1,167.15477423009523,0
4,171.0108835282121,0
6,123.78027232248554,0
4,338.717955877373,0
6,119.48699975528982,0
5,269.4643452341952,0
3,255.24345047270634,0
5,175.61072174211472,0
10,344.803608293156,0
2,75.27229431347774,0
8,193.62469592168878,0
4,160.87678680475966,0
6,276.84745202166823,0
2,228.28526915001345,0
4,61.81638570668059,0
7,299.1583554997162,0
6,238.8369378339654,0
3,117.16065104296554,0
32,3121.0,1
28,5221.0,1
34,2785.0,1
37,4861.0,1
39,2446.0,1
46,6218.0,1
41,7729.0,1
26,4723.0,1
40,3581.0,1
45,2358.0,1
31,4286.0,1
29,3765.0,1
48,2804.0,1
26,7875.0,1
33,7649.0,1
46,4730.0,1
34,7991.0,1
23,6764.0,1
27,8347.0,1
38,9825.0,1
48,6062.0,1
38,2142.0,1
24,4234.0,1
41,5559.0,1
22,4169.0,1
29,5421.0,1
34,3123.0,1
21,2283.0,1
40,9092.0,1
29,8670.0,1
41,2383.0,1
35,3578.0,1
22,5872.0,1
26,4945.0,1
38,6282.0,1
34,9175.0,1
31,2623.0,1
48,2544.0,1
21,9586.0,1
49,2913.0,1
32,4137.0,1
45,4543.0,1
39,5732.0,1
38,7055.0,1
26,5995.0,1
43,3747.0,1
22,4163.0,1
25,8828.0,1
20,3043.0,1
40,4179.0,1
21,3315.0,1
20,8133.0,1
48,3377.0,1
42,5308.0,1
45,7708.0,1
23,2222.0,1
24,6531.0,1
21,7757.0,1
35,9206.0,1
27,6422.0,1
34,7328.0,1
30,4153.0,1
48,4699.0,1
29,5320.0,1
49,2566.0,1
22,4042.0,1
42,2629.0,1
30,4735.0,1
36,7473.0,1
29,4517.0,1
36,2724.0,1
33,6360.0,1
42,9819.0,1
20,6048.0,1
47,7583.0,1
44,8980.0,1
28,4898.0,1
43,3464.0,1
43,3307.0,1
34,8928.0,1
23,8677.0,1
39,3954.0,1
40,8512.0,1
44,6794.0,1
22,7838.0,1
39,9826.0,1
45,7614.0,1
40,9089.0,1
26,2153.0,1
40,8763.0,1
44,8459.0,1
41,7419.0,1
22,5511.0,1
41,6066.0,1
41,2810.0,1
34,2150.0,1
47,9573.0,1
29,4222.0,1
35,3078.0,1
36,2778.0,1
42,7430.0,1
38,6249.0,1
20,5968.0,1
20,9667.0,1
40,8115.0,1
33,6596.0,1
45,9357.0,1
45,4553.0,1
21,6244.0,1
21,6103.0,1
47,7779.0,1
39,7804.0,1
29,6688.0,1
34,8734.0,1
46,6564.0,1
47,8464.0,1
47,8715.0,1
34,6546.0,1
26,5678.0,1
27,7943.0,1
30,6223.0,1
35,5705.0,1
45,5358.0,1
42,2852.0,1
44,6182.0,1
26,5965.0,1
39,7200.0,1
28,6629.0,1
44,5323.0,1
38,8333.0,1
45,6919.0,1
49,9765.0,1
43,7603.0,1
20,6474.0,1
37,2455.0,1
27,7998.0,1
48,9175.0,1
27,6413.0,1
41,8477.0,1
27,2229.0,1
49,8807.0,1
33,6603.0,1
43,6885.0,1
21,7646.0,1
22,7594.0,1
26,7019.0,1
22,5477.0,1
48,5358.0,1
34,9112.0,1
30,2759.0,1
